path,label,geometry,session,score,threshold,p,margin,fold
data/Good_png/IDCT_37.png,1,circle,IDCT_G30_T30,0.19052182615216498,0.24384596794087643,0.0,-0.05332414178871145,0
data/Good_png/IDCT_38.png,1,circle,IDCT_G30_T30,0.27796953718718487,0.24384596794087643,1.0,0.03412356924630844,0
data/Good_png/IDCT_41.png,1,circle,IDCT_G30_T30,0.25876719731736486,0.24384596794087643,1.0,0.014921229376488432,0
data/Good_png/IDCT_42.png,1,circle,IDCT_G30_T30,0.449470693844485,0.24384596794087643,1.0,0.20562472590360859,0
data/Good_png/IDCT_43.png,1,circle,IDCT_G30_T30,0.32525956713846726,0.24384596794087643,1.0,0.08141359919759084,0
data/Good_png/IDCT_44.png,1,circle,IDCT_G30_T30,0.3342114289275758,0.24384596794087643,1.0,0.0903654609866994,0
data/Good_png/IDCT_46.png,1,circle,IDCT_G30_T30,0.24723506932515676,0.24384596794087643,1.0,0.0033891013842803352,0
data/Good_png/IDCT_47.png,1,circle,IDCT_G30_T30,0.29164487276309253,0.24384596794087643,1.0,0.047798904822216104,0
data/Good_png/IDCT_48.png,1,circle,IDCT_G30_T30,0.49482609530684163,0.24384596794087643,1.0,0.2509801273659652,0
data/Good_png/IDCT_49.png,1,circle,IDCT_G30_T30,0.2849071285606835,0.24384596794087643,1.0,0.04106116061980708,0
data/Good_png/IDCT_51.png,1,circle,IDCT_G30_T30,0.269705410930465,0.24384596794087643,1.0,0.025859442989588588,0
data/Good_png/IDCT_54.png,1,circle,IDCT_G30_T30,0.4188870632556045,0.24384596794087643,1.0,0.17504109531472806,0
data/Good_png/IDCT_55.png,1,circle,IDCT_G30_T25,0.4602730952142842,0.24384596794087643,1.0,0.2164271272734078,0
data/Good_png/IDCT_56.png,1,circle,IDCT_G30_T25,0.39359113360102926,0.24384596794087643,1.0,0.14974516566015283,0
data/Good_png/IDCT_58.png,1,circle,IDCT_G30_T25,0.2566684082386257,0.24384596794087643,1.0,0.01282244029774926,0
data/Good_png/IDCT_59.png,1,circle,IDCT_G30_T25,0.27538136997855867,0.24384596794087643,1.0,0.031535402037682236,0
data/Good_png/IDCT_61.png,1,circle,IDCT_G30_T25,0.28688612982162587,0.24384596794087643,1.0,0.04304016188074944,0
data/Good_png/IDCT_62.png,1,circle,IDCT_G30_T25,0.2598749242175702,0.24384596794087643,1.0,0.016028956276693762,0
data/Good_png/IDCT_63.png,1,circle,IDCT_G30_T25,0.2100960319191487,0.24384596794087643,0.0,-0.03374993602172774,0
data/Good_png/IDCT_65.png,1,circle,IDCT_G30_T25,0.3033385017680254,0.24384596794087643,1.0,0.059492533827148975,0
data/Good_png/IDCT_68.png,1,circle,IDCT_G30_T25,0.2489076222846299,0.24384596794087643,1.0,0.005061654343753469,0
data/Good_png/IDCT_71.png,1,circle,IDCT_G30_T25,0.2520598190153739,0.24384596794087643,1.0,0.008213851074497458,0
data/Bad_png/IDCT_39.png,0,circle,IDCT_G30_T30,0.18327588712708096,0.24384596794087643,0.0,-0.060570080813795474,0
data/Bad_png/IDCT_40.png,0,circle,IDCT_G30_T30,0.2863756391107549,0.24384596794087643,1.0,0.04252967116987849,0
data/Bad_png/IDCT_45.png,0,circle,IDCT_G30_T30,0.4970423928035619,0.24384596794087643,1.0,0.25319642486268545,0
data/Bad_png/IDCT_50.png,0,circle,IDCT_G30_T30,0.2277801797434857,0.24384596794087643,0.0,-0.01606578819739074,0
data/Bad_png/IDCT_52.png,0,circle,IDCT_G30_T30,0.21348379104757395,0.24384596794087643,0.0,-0.030362176893302478,0
data/Bad_png/IDCT_53.png,0,circle,IDCT_G30_T30,0.2748429320949374,0.24384596794087643,1.0,0.030996964154060946,0
data/Bad_png/IDCT_57.png,0,circle,IDCT_G30_T25,0.16003626653620326,0.24384596794087643,0.0,-0.08380970140467317,0
data/Bad_png/IDCT_60.png,0,circle,IDCT_G30_T25,0.26929339266377295,0.24384596794087643,1.0,0.025447424722896517,0
data/Bad_png/IDCT_64.png,0,circle,IDCT_G30_T25,0.20672422725646575,0.24384596794087643,0.0,-0.03712174068441068,0
data/Bad_png/IDCT_66.png,0,circle,IDCT_G30_T25,0.2606376739794987,0.24384596794087643,1.0,0.01679170603862229,0
data/Bad_png/IDCT_67.png,0,circle,IDCT_G30_T25,0.14359927948408593,0.24384596794087643,0.0,-0.1002466884567905,0
data/Bad_png/IDCT_69.png,0,circle,IDCT_G30_T25,0.25921187105284965,0.24384596794087643,1.0,0.015365903111973223,0
data/Bad_png/IDCT_70.png,0,circle,IDCT_G30_T25,0.20373445967095527,0.24384596794087643,0.0,-0.04011150826992116,0
data/Bad_png/IDCT_72.png,0,circle,IDCT_G30_T25,0.24255576163092718,0.24384596794087643,0.0,-0.001290206309949249,0
data/Good_png/IDCBR_03.png,1,circle_grid,IDCBR_G27_T35,0.11049626735802273,0.07652967484076266,1.0,0.03396659251726007,0
data/Good_png/IDCBR_08.png,1,circle_grid,IDCBR_G27_T35,0.08569052346237056,0.07652967484076266,1.0,0.009160848621607903,0
data/Good_png/IDCBR_11.png,1,circle_grid,IDCBR_G27_T35,0.12315622267494998,0.07652967484076266,1.0,0.04662654783418732,0
data/Good_png/IDCBR_14.png,1,circle_grid,IDCBR_G27_T35,0.16664726149750167,0.07652967484076266,1.0,0.09011758665673901,0
data/Good_png/IDCBR_15.png,1,circle_grid,IDCBR_G27_T35,0.23064174256195139,0.07652967484076266,1.0,0.15411206772118874,0
data/Good_png/IDCBR_17.png,1,circle_grid,IDCBR_G27_T35,0.1728086845289079,0.07652967484076266,1.0,0.09627900968814525,0
data/Good_png/IDCB_73.png,1,circle_grid,IDCB_G25_T25,0.2980233536749327,0.07652967484076266,1.0,0.22149367883417004,0
data/Good_png/IDCB_76.png,1,circle_grid,IDCB_G25_T25,0.022498758542388187,0.07652967484076266,0.0,-0.054030916298374476,0
data/Good_png/IDCB_77.png,1,circle_grid,IDCB_G25_T25,0.12886551935019636,0.07652967484076266,1.0,0.052335844509433696,0
data/Good_png/IDCB_80.png,1,circle_grid,IDCB_G25_T25,0.14300763803709565,0.07652967484076266,1.0,0.06647796319633299,0
data/Good_png/IDCB_83.png,1,circle_grid,IDCB_G25_T25,0.024247747215728296,0.07652967484076266,0.0,-0.05228192762503436,0
data/Good_png/IDCB_84.png,1,circle_grid,IDCB_G25_T25,0.116598905133904,0.07652967484076266,1.0,0.04006923029314134,0
data/Good_png/IDCB_86.png,1,circle_grid,IDCB_G25_T25,0.14852568601146943,0.07652967484076266,1.0,0.07199601117070677,0
data/Good_png/IDCB_90.png,1,circle_grid,IDCB_G25_T25,0.05069091405058333,0.07652967484076266,0.0,-0.025838760790179327,0
data/Bad_png/IDCBR_01.png,0,circle_grid,IDCBR_G27_T35,0.07012395033674156,0.07652967484076266,0.0,-0.006405724504021104,0
data/Bad_png/IDCBR_02.png,0,circle_grid,IDCBR_G27_T35,0.0913110869731782,0.07652967484076266,1.0,0.014781412132415545,0
data/Bad_png/IDCBR_04.png,0,circle_grid,IDCBR_G27_T35,0.12122479036090696,0.07652967484076266,1.0,0.044695115520144296,0
data/Bad_png/IDCBR_05.png,0,circle_grid,IDCBR_G27_T35,0.004450376626291971,0.07652967484076266,0.0,-0.07207929821447069,0
data/Bad_png/IDCBR_06.png,0,circle_grid,IDCBR_G27_T35,0.07090200414192847,0.07652967484076266,0.0,-0.005627670698834186,0
data/Bad_png/IDCBR_07.png,0,circle_grid,IDCBR_G27_T35,0.11021672614008773,0.07652967484076266,1.0,0.033687051299325074,0
data/Bad_png/IDCBR_09.png,0,circle_grid,IDCBR_G27_T35,0.13999059040303133,0.07652967484076266,1.0,0.06346091556226867,0
data/Bad_png/IDCBR_10.png,0,circle_grid,IDCBR_G27_T35,0.10223600354072475,0.07652967484076266,1.0,0.02570632869996209,0
data/Bad_png/IDCBR_12.png,0,circle_grid,IDCBR_G27_T35,0.03102888951055032,0.07652967484076266,0.0,-0.04550078533021234,0
data/Bad_png/IDCBR_13.png,0,circle_grid,IDCBR_G27_T35,0.08293643481849651,0.07652967484076266,1.0,0.00640675997773385,0
data/Bad_png/IDCBR_16.png,0,circle_grid,IDCBR_G27_T35,0.07531986160017258,0.07652967484076266,0.0,-0.0012098132405900797,0
data/Bad_png/IDCBR_18.png,0,circle_grid,IDCBR_G27_T35,0.14502006256846653,0.07652967484076266,1.0,0.06849038772770387,0
data/Bad_png/IDCB_74.png,0,circle_grid,IDCB_G25_T25,0.14229907643681705,0.07652967484076266,1.0,0.06576940159605439,0
data/Bad_png/IDCB_75.png,0,circle_grid,IDCB_G25_T25,0.10321393749635706,0.07652967484076266,1.0,0.0266842626555944,0
data/Bad_png/IDCB_78.png,0,circle_grid,IDCB_G25_T25,0.12923122975796825,0.07652967484076266,1.0,0.05270155491720559,0
data/Bad_png/IDCB_79.png,0,circle_grid,IDCB_G25_T25,0.14727489445063718,0.07652967484076266,1.0,0.07074521960987452,0
data/Bad_png/IDCB_81.png,0,circle_grid,IDCB_G25_T25,0.1691839211007341,0.07652967484076266,1.0,0.09265424625997144,0
data/Bad_png/IDCB_82.png,0,circle_grid,IDCB_G25_T25,0.1363545342129767,0.07652967484076266,1.0,0.05982485937221403,0
data/Bad_png/IDCB_85.png,0,circle_grid,IDCB_G25_T25,0.06077398470905575,0.07652967484076266,0.0,-0.015755690131706912,0
data/Bad_png/IDCB_87.png,0,circle_grid,IDCB_G25_T25,0.024754582848996527,0.07652967484076266,0.0,-0.05177509199176614,0
data/Bad_png/IDCB_88.png,0,circle_grid,IDCB_G25_T25,0.09761165824362307,0.07652967484076266,1.0,0.02108198340286041,0
data/Bad_png/IDCB_89.png,0,circle_grid,IDCB_G25_T25,0.0032293248049070395,0.07652967484076266,0.0,-0.07330035003585562,0
data/Good_png/IDSR_101.png,1,line,IDSR_G30_T30,0.005371000557930364,0.0012121518080518109,1.0,0.004158848749878553,0
data/Good_png/IDSR_102.png,1,line,IDSR_G30_T30,4.75744226714605e-05,0.0012121518080518109,0.0,-0.0011645773853803504,0
data/Good_png/IDSR_103.png,1,line,IDSR_G30_T30,0.025946752409746712,0.0012121518080518109,1.0,0.0247346006016949,0
data/Good_png/IDSR_104.png,1,line,IDSR_G30_T30,0.0011376277760479893,0.0012121518080518109,0.0,-7.452403200382154e-05,0
data/Good_png/IDSR_105.png,1,line,IDSR_G30_T30,0.024124964591522434,0.0012121518080518109,1.0,0.022912812783470623,0
data/Good_png/IDSR_107.png,1,line,IDSR_G30_T30,0.016508165345500817,0.0012121518080518109,1.0,0.015296013537449006,0
data/Good_png/IDSR_91.png,1,line,IDSR_G30_T30,0.10535094895256368,0.0012121518080518109,1.0,0.10413879714451187,0
data/Good_png/IDSR_92.png,1,line,IDSR_G30_T30,0.0948992399768173,0.0012121518080518109,1.0,0.09368708816876549,0
data/Good_png/IDSR_93.png,1,line,IDSR_G30_T30,0.03090509204354694,0.0012121518080518109,1.0,0.029692940235495128,0
data/Good_png/IDSR_94.png,1,line,IDSR_G30_T30,0.021932007516049592,0.0012121518080518109,1.0,0.02071985570799778,0
data/Good_png/IDSR_95.png,1,line,IDSR_G30_T30,0.08307241303989268,0.0012121518080518109,1.0,0.08186026123184087,0
data/Good_png/IDSR_96.png,1,line,IDSR_G30_T30,0.014796967866130896,0.0012121518080518109,1.0,0.013584816058079085,0
data/Good_png/IDSR_97.png,1,line,IDSR_G30_T30,0.0005823593756824406,0.0012121518080518109,0.0,-0.0006297924323693702,0
data/Good_png/IDSR_98.png,1,line,IDSR_G30_T30,0.016831595542462788,0.0012121518080518109,1.0,0.015619443734410977,0
data/Good_png/IDSR_99.png,1,line,IDSR_G30_T30,0.04778007682515882,0.0012121518080518109,1.0,0.04656792501710701,0
data/Good_png/IDST_56.png,1,line,IDST_G30_T25,0.008759762464024805,0.0012121518080518109,1.0,0.007547610655972994,0
data/Good_png/IDST_62.png,1,line,IDST_G30_T25,0.016856629172996067,0.0012121518080518109,1.0,0.015644477364944256,0
data/Good_png/IDST_63.png,1,line,IDST_G30_T25,0.017659205049212992,0.0012121518080518109,1.0,0.01644705324116118,0
data/Good_png/IDST_66.png,1,line,IDST_G30_T25,0.0008570388295313957,0.0012121518080518109,0.0,-0.0003551129785204152,0
data/Good_png/IDST_68.png,1,line,IDST_G30_T25,0.02891728773757321,0.0012121518080518109,1.0,0.0277051359295214,0
data/Good_png/IDST_71.png,1,line,IDST_G30_T25,0.02463433083925873,0.0012121518080518109,1.0,0.02342217903120692,0
data/Good_png/IDST_72.png,1,line,IDST_G30_T25,0.019649717923466654,0.0012121518080518109,1.0,0.018437566115414843,0
data/Bad_png/IDSR_100.png,0,line,IDSR_G30_T30,0.0006066911538454772,0.0012121518080518109,0.0,-0.0006054606542063337,0
data/Bad_png/IDSR_106.png,0,line,IDSR_G30_T30,0.08970578523994574,0.0012121518080518109,1.0,0.08849363343189393,0
data/Bad_png/IDSR_108.png,0,line,IDSR_G30_T30,0.15263494812710715,0.0012121518080518109,1.0,0.15142279631905534,0
data/Bad_png/IDST_55.png,0,line,IDST_G30_T25,0.0014092794653454484,0.0012121518080518109,1.0,0.00019712765729363755,0
data/Bad_png/IDST_57.png,0,line,IDST_G30_T25,0.10359690621919343,0.0012121518080518109,1.0,0.10238475441114162,0
data/Bad_png/IDST_58.png,0,line,IDST_G30_T25,0.0714327648815839,0.0012121518080518109,1.0,0.07022061307353208,0
data/Bad_png/IDST_59.png,0,line,IDST_G30_T25,0.0011741990431630902,0.0012121518080518109,0.0,-3.795276488872067e-05,0
data/Bad_png/IDST_60.png,0,line,IDST_G30_T25,0.02445669060790394,0.0012121518080518109,1.0,0.023244538799852128,0
data/Bad_png/IDST_61.png,0,line,IDST_G30_T25,0.0014346870254014965,0.0012121518080518109,1.0,0.0002225352173496856,0
data/Bad_png/IDST_64.png,0,line,IDST_G30_T25,0.0759414977258392,0.0012121518080518109,1.0,0.07472934591778739,0
data/Bad_png/IDST_65.png,0,line,IDST_G30_T25,0.020269066836515515,0.0012121518080518109,1.0,0.019056915028463704,0
data/Bad_png/IDST_67.png,0,line,IDST_G30_T25,0.0038628193477118,0.0012121518080518109,1.0,0.0026506675396599892,0
data/Bad_png/IDST_69.png,0,line,IDST_G30_T25,0.017820144696372952,0.0012121518080518109,1.0,0.01660799288832114,0
data/Bad_png/IDST_70.png,0,line,IDST_G30_T25,0.001028490019345706,0.0012121518080518109,0.0,-0.00018366178870610488,0
data/Good_png/IDSQR_ (43).png,1,square_grid,IDSQR_G25_T30,0.1039508558515889,0.14879145411210207,0.0,-0.04484059826051316,0
data/Good_png/IDSQR_ (44).png,1,square_grid,IDSQR_G25_T30,0.13935206665526775,0.14879145411210207,0.0,-0.009439387456834314,0
data/Good_png/IDSQR_ (52).png,1,square_grid,IDSQR_G25_T30,0.07712163785774197,0.14879145411210207,0.0,-0.0716698162543601,0
data/Good_png/IDSQR_ (53).png,1,square_grid,IDSQR_G25_T30,0.012258566033527499,0.14879145411210207,0.0,-0.13653288807857455,0
data/Good_png/ID_37.png,1,square_grid,ID_G30_T30,0.22032378319159354,0.14879145411210207,1.0,0.07153232907949147,0
data/Good_png/ID_38.png,1,square_grid,ID_G30_T30,0.14464593921467203,0.14879145411210207,0.0,-0.004145514897430036,0
data/Good_png/ID_40.png,1,square_grid,ID_G30_T30,0.18955267403238948,0.14879145411210207,1.0,0.04076121992028742,0
data/Good_png/ID_41.png,1,square_grid,ID_G30_T30,0.09753185575853861,0.14879145411210207,0.0,-0.05125959835356346,0
data/Good_png/ID_43.png,1,square_grid,ID_G30_T30,0.18935362151339377,0.14879145411210207,1.0,0.040562167401291704,0
data/Good_png/ID_44.png,1,square_grid,ID_G30_T30,0.2393060780684822,0.14879145411210207,1.0,0.09051462395638013,0
data/Good_png/ID_47.png,1,square_grid,ID_G30_T30,0.0006849582444138325,0.14879145411210207,0.0,-0.14810649586768823,0
data/Good_png/ID_50.png,1,square_grid,ID_G30_T30,0.23633121949656583,0.14879145411210207,1.0,0.08753976538446376,0
data/Good_png/ID_52.png,1,square_grid,ID_G30_T30,0.16345102228873273,0.14879145411210207,1.0,0.014659568176630666,0
data/Good_png/ID_53.png,1,square_grid,ID_G30_T30,0.3201327813446274,0.14879145411210207,1.0,0.17134132723252535,0
data/Bad_png/IDSQR_ (100).png,0,square_grid,IDSQR_G30_T30,0.1713546274158851,0.14879145411210207,1.0,0.022563173303783046,0
data/Bad_png/IDSQR_ (101).png,0,square_grid,IDSQR_G30_T30,0.008761526092313749,0.14879145411210207,0.0,-0.1400299280197883,0
data/Bad_png/IDSQR_ (102).png,0,square_grid,IDSQR_G30_T30,0.0009050213929015689,0.14879145411210207,0.0,-0.1478864327192005,0
data/Bad_png/IDSQR_ (103).png,0,square_grid,IDSQR_G30_T30,0.12880101185959483,0.14879145411210207,0.0,-0.019990442252507234,0
data/Bad_png/IDSQR_ (104).png,0,square_grid,IDSQR_G30_T30,0.018940788858092354,0.14879145411210207,0.0,-0.1298506652540097,0
data/Bad_png/IDSQR_ (105).png,0,square_grid,IDSQR_G30_T30,0.12957920095155606,0.14879145411210207,0.0,-0.019212253160546006,0
data/Bad_png/IDSQR_ (106).png,0,square_grid,IDSQR_G30_T30,0.1234092301701451,0.14879145411210207,0.0,-0.025382223941956966,0
data/Bad_png/IDSQR_ (107).png,0,square_grid,IDSQR_G30_T30,0.020229714285889096,0.14879145411210207,0.0,-0.12856173982621297,0
data/Bad_png/IDSQR_ (108).png,0,square_grid,IDSQR_G30_T30,0.0013978127044986467,0.14879145411210207,0.0,-0.14739364140760342,0
data/Bad_png/IDSQR_ (37).png,0,square_grid,IDSQR_G25_T30,0.14581039240499566,0.14879145411210207,0.0,-0.0029810617071064083,0
data/Bad_png/IDSQR_ (38).png,0,square_grid,IDSQR_G25_T30,0.09373148387142405,0.14879145411210207,0.0,-0.05505997024067802,0
data/Bad_png/IDSQR_ (39).png,0,square_grid,IDSQR_G25_T30,0.24284569041036924,0.14879145411210207,1.0,0.09405423629826717,0
data/Bad_png/IDSQR_ (40).png,0,square_grid,IDSQR_G25_T30,0.06394055089443715,0.14879145411210207,0.0,-0.08485090321766492,0
data/Bad_png/IDSQR_ (41).png,0,square_grid,IDSQR_G25_T30,0.0014239197171845314,0.14879145411210207,0.0,-0.14736753439491754,0
data/Bad_png/IDSQR_ (42).png,0,square_grid,IDSQR_G25_T30,0.012514847919373077,0.14879145411210207,0.0,-0.136276606192729,0
data/Bad_png/IDSQR_ (45).png,0,square_grid,IDSQR_G25_T30,0.01922135106436584,0.14879145411210207,0.0,-0.12957010304773622,0
data/Bad_png/IDSQR_ (46).png,0,square_grid,IDSQR_G25_T30,0.0989337024197089,0.14879145411210207,0.0,-0.04985775169239316,0
data/Bad_png/IDSQR_ (47).png,0,square_grid,IDSQR_G25_T30,0.17441089948948077,0.14879145411210207,1.0,0.025619445377378702,0
data/Bad_png/IDSQR_ (48).png,0,square_grid,IDSQR_G25_T30,0.14117542984590012,0.14879145411210207,0.0,-0.007616024266201948,0
data/Bad_png/IDSQR_ (49).png,0,square_grid,IDSQR_G25_T30,0.1600022219725823,0.14879145411210207,1.0,0.011210767860480225,0
data/Bad_png/IDSQR_ (50).png,0,square_grid,IDSQR_G25_T30,0.03277355041635715,0.14879145411210207,0.0,-0.11601790369574491,0
data/Bad_png/IDSQR_ (51).png,0,square_grid,IDSQR_G25_T30,0.20205452310275487,0.14879145411210207,1.0,0.05326306899065281,0
data/Bad_png/IDSQR_ (54).png,0,square_grid,IDSQR_G25_T30,0.01889183197864216,0.14879145411210207,0.0,-0.1298996221334599,0
data/Bad_png/IDSQR_ (91).png,0,square_grid,IDSQR_G30_T30,0.011747911470865019,0.14879145411210207,0.0,-0.13704354264123705,0
data/Bad_png/IDSQR_ (92).png,0,square_grid,IDSQR_G30_T30,0.11391709617034335,0.14879145411210207,0.0,-0.03487435794175872,0
data/Bad_png/IDSQR_ (93).png,0,square_grid,IDSQR_G30_T30,0.026555339268505274,0.14879145411210207,0.0,-0.1222361148435968,0
data/Bad_png/IDSQR_ (94).png,0,square_grid,IDSQR_G30_T30,0.272107929789915,0.14879145411210207,1.0,0.12331647567781293,0
data/Bad_png/IDSQR_ (95).png,0,square_grid,IDSQR_G30_T30,0.1818542656006899,0.14879145411210207,1.0,0.033062811488587834,0
data/Bad_png/IDSQR_ (96).png,0,square_grid,IDSQR_G30_T30,0.02116841135641078,0.14879145411210207,0.0,-0.12762304275569128,0
data/Bad_png/IDSQR_ (97).png,0,square_grid,IDSQR_G30_T30,0.0015542245690449857,0.14879145411210207,0.0,-0.14723722954305707,0
data/Bad_png/IDSQR_ (98).png,0,square_grid,IDSQR_G30_T30,0.0014669889084556696,0.14879145411210207,0.0,-0.1473244652036464,0
data/Bad_png/IDSQR_ (99).png,0,square_grid,IDSQR_G30_T30,0.02261133559208784,0.14879145411210207,0.0,-0.12618011852001423,0
data/Bad_png/ID_39.png,0,square_grid,ID_G30_T30,0.0007468381773621185,0.14879145411210207,0.0,-0.14804461593473994,0
data/Bad_png/ID_42.png,0,square_grid,ID_G30_T30,0.015449857374196263,0.14879145411210207,0.0,-0.1333415967379058,0
data/Bad_png/ID_45.png,0,square_grid,ID_G30_T30,0.0011341533919371522,0.14879145411210207,0.0,-0.14765730072016492,0
data/Bad_png/ID_46.png,0,square_grid,ID_G30_T30,0.11234098942554255,0.14879145411210207,0.0,-0.03645046468655952,0
data/Bad_png/ID_48.png,0,square_grid,ID_G30_T30,0.0007678474942854301,0.14879145411210207,0.0,-0.14802360661781663,0
data/Bad_png/ID_49.png,0,square_grid,ID_G30_T30,0.11144224941329153,0.14879145411210207,0.0,-0.037349204698810534,0
data/Bad_png/ID_51.png,0,square_grid,ID_G30_T30,0.05585005054459816,0.14879145411210207,0.0,-0.09294140356750391,0
data/Bad_png/ID_54.png,0,square_grid,ID_G30_T30,4.997475629593489e-05,0.14879145411210207,0.0,-0.14874147935580614,0
data/Good_png/IDCR_20.png,1,circle,IDCR_G27_T30,0.3254513818476134,0.24526977471489256,1.0,0.08018160713272085,1
data/Good_png/IDCR_25.png,1,circle,IDCR_G27_T30,0.2582020356854845,0.24526977471489256,1.0,0.012932260970591941,1
data/Good_png/IDCR_26.png,1,circle,IDCR_G27_T30,0.2663571916807274,0.24526977471489256,1.0,0.021087416965834854,1
data/Good_png/IDCR_28.png,1,circle,IDCR_G27_T30,0.2358738544699438,0.24526977471489256,0.0,-0.009395920244948758,1
data/Good_png/IDCR_29.png,1,circle,IDCR_G27_T30,0.18991263767884556,0.24526977471489256,0.0,-0.055357137036047,1
data/Good_png/IDCR_30.png,1,circle,IDCR_G27_T30,0.2903881565201767,0.24526977471489256,1.0,0.04511838180528413,1
data/Good_png/IDCR_31.png,1,circle,IDCR_G27_T30,0.23092531169139327,0.24526977471489256,0.0,-0.014344463023499288,1
data/Good_png/IDCR_32.png,1,circle,IDCR_G27_T30,0.21704349396394934,0.24526977471489256,0.0,-0.028226280750943217,1
data/Good_png/IDCR_34.png,1,circle,IDCR_G27_T30,0.32735196456589855,0.24526977471489256,1.0,0.08208218985100599,1
data/Good_png/IDCR_44.png,1,circle,IDCR_G25_T30,0.23964771838071208,0.24526977471489256,0.0,-0.005622056334180475,1
data/Good_png/IDCR_45.png,1,circle,IDCR_G25_T30,0.35582722606445194,0.24526977471489256,1.0,0.11055745134955938,1
data/Good_png/IDCR_46.png,1,circle,IDCR_G25_T30,0.2322360507256299,0.24526977471489256,0.0,-0.013033723989262669,1
data/Good_png/IDCR_47.png,1,circle,IDCR_G25_T30,0.2610976886124599,0.24526977471489256,1.0,0.015827913897567353,1
data/Good_png/IDCR_49.png,1,circle,IDCR_G25_T30,0.24384596794087643,0.24526977471489256,0.0,-0.0014238067740161287,1
data/Good_png/IDCR_50.png,1,circle,IDCR_G25_T30,0.32238450006294433,0.24526977471489256,1.0,0.07711472534805178,1
data/Good_png/IDCR_51.png,1,circle,IDCR_G25_T30,0.1996557457959912,0.24526977471489256,0.0,-0.045614028918901345,1
data/Good_png/IDCR_52.png,1,circle,IDCR_G25_T30,0.2757886766939794,0.24526977471489256,1.0,0.030518901979086827,1
data/Good_png/IDCT_84.png,1,circle,IDCT_G25_T25,0.27189066299552056,0.24526977471489256,1.0,0.026620888280628002,1
data/Good_png/IDCT_87.png,1,circle,IDCT_G25_T25,0.2321447416551979,0.24526977471489256,0.0,-0.013125033059694646,1
data/Good_png/IDCT_90.png,1,circle,IDCT_G25_T25,0.20321746252784176,0.24526977471489256,0.0,-0.0420523121870508,1
data/Bad_png/IDCR_19.png,0,circle,IDCR_G27_T30,0.11742339835624402,0.24526977471489256,0.0,-0.12784637635864854,1
data/Bad_png/IDCR_21.png,0,circle,IDCR_G27_T30,0.4280897400945634,0.24526977471489256,1.0,0.18281996537967085,1
data/Bad_png/IDCR_22.png,0,circle,IDCR_G27_T30,0.18000665564549956,0.24526977471489256,0.0,-0.065263119069393,1
data/Bad_png/IDCR_23.png,0,circle,IDCR_G27_T30,0.1418051281120406,0.24526977471489256,0.0,-0.10346464660285196,1
data/Bad_png/IDCR_24.png,0,circle,IDCR_G27_T30,0.3155797226884143,0.24526977471489256,1.0,0.07030994797352172,1
data/Bad_png/IDCR_27.png,0,circle,IDCR_G27_T30,0.3262986173601702,0.24526977471489256,1.0,0.08102884264527763,1
data/Bad_png/IDCR_33.png,0,circle,IDCR_G27_T30,0.2861261504522778,0.24526977471489256,1.0,0.04085637573738524,1
data/Bad_png/IDCR_35.png,0,circle,IDCR_G27_T30,0.2520928408033048,0.24526977471489256,1.0,0.0068230660884122385,1
data/Bad_png/IDCR_36.png,0,circle,IDCR_G27_T30,0.21842800911095714,0.24526977471489256,0.0,-0.02684176560393542,1
data/Bad_png/IDCR_37.png,0,circle,IDCR_G25_T30,0.2506962597710718,0.24526977471489256,1.0,0.005426485056179237,1
data/Bad_png/IDCR_38.png,0,circle,IDCR_G25_T30,0.23385760831437058,0.24526977471489256,0.0,-0.011412166400521978,1
data/Bad_png/IDCR_39.png,0,circle,IDCR_G25_T30,0.3667709517995083,0.24526977471489256,1.0,0.12150117708461575,1
data/Bad_png/IDCR_40.png,0,circle,IDCR_G25_T30,0.22360274599560248,0.24526977471489256,0.0,-0.021667028719290077,1
data/Bad_png/IDCR_41.png,0,circle,IDCR_G25_T30,0.2407183348968358,0.24526977471489256,0.0,-0.004551439818056752,1
data/Bad_png/IDCR_42.png,0,circle,IDCR_G25_T30,0.415562935888136,0.24526977471489256,1.0,0.17029316117324342,1
data/Bad_png/IDCR_43.png,0,circle,IDCR_G25_T30,0.20071162702420625,0.24526977471489256,0.0,-0.044558147690686306,1
data/Bad_png/IDCR_48.png,0,circle,IDCR_G25_T30,0.23762062114508575,0.24526977471489256,0.0,-0.007649153569806805,1
data/Bad_png/IDCR_53.png,0,circle,IDCR_G25_T30,0.12695535119597154,0.24526977471489256,0.0,-0.11831442351892102,1
data/Bad_png/IDCR_54.png,0,circle,IDCR_G25_T30,0.37164598604046745,0.24526977471489256,1.0,0.1263762113255749,1
data/Bad_png/IDCT_73.png,0,circle,IDCT_G25_T25,0.15555758302612233,0.24526977471489256,0.0,-0.08971219168877023,1
data/Bad_png/IDCT_74.png,0,circle,IDCT_G25_T25,0.23109950394032455,0.24526977471489256,0.0,-0.014170270774568006,1
data/Bad_png/IDCT_75.png,0,circle,IDCT_G25_T25,0.1326252521529922,0.24526977471489256,0.0,-0.11264452256190036,1
data/Bad_png/IDCT_76.png,0,circle,IDCT_G25_T25,0.10989336748745174,0.24526977471489256,0.0,-0.13537640722744082,1
data/Bad_png/IDCT_77.png,0,circle,IDCT_G25_T25,0.2792815512371348,0.24526977471489256,1.0,0.034011776522242215,1
data/Bad_png/IDCT_78.png,0,circle,IDCT_G25_T25,0.17579896464585779,0.24526977471489256,0.0,-0.06947081006903477,1
data/Bad_png/IDCT_79.png,0,circle,IDCT_G25_T25,0.18914571375977238,0.24526977471489256,0.0,-0.05612406095512018,1
data/Bad_png/IDCT_80.png,0,circle,IDCT_G25_T25,0.23393512231201047,0.24526977471489256,0.0,-0.01133465240288209,1
data/Bad_png/IDCT_81.png,0,circle,IDCT_G25_T25,0.24701914537607658,0.24526977471489256,1.0,0.0017493706611840243,1
data/Bad_png/IDCT_82.png,0,circle,IDCT_G25_T25,0.1543407078227267,0.24526977471489256,0.0,-0.09092906689216584,1
data/Bad_png/IDCT_83.png,0,circle,IDCT_G25_T25,0.24742370979383804,0.24526977471489256,1.0,0.0021539350789454847,1
data/Bad_png/IDCT_85.png,0,circle,IDCT_G25_T25,0.1455862385549066,0.24526977471489256,0.0,-0.09968353615998596,1
data/Bad_png/IDCT_86.png,0,circle,IDCT_G25_T25,0.2317271961059882,0.24526977471489256,0.0,-0.013542578608904371,1
data/Bad_png/IDCT_88.png,0,circle,IDCT_G25_T25,0.15510665801498325,0.24526977471489256,0.0,-0.09016311669990931,1
data/Bad_png/IDCT_89.png,0,circle,IDCT_G25_T25,0.15369817868196725,0.24526977471489256,0.0,-0.0915715960329253,1
data/Good_png/IDCB_103.png,1,circle_grid,IDCB_G25_T30,0.16197001758776003,0.16664726149750167,0.0,-0.004677243909741641,1
data/Good_png/IDCB_104.png,1,circle_grid,IDCB_G25_T30,0.16100706682811516,0.16664726149750167,0.0,-0.005640194669386506,1
data/Good_png/IDCB_105.png,1,circle_grid,IDCB_G25_T30,0.1203396907712716,0.16664726149750167,0.0,-0.04630757072623007,1
data/Good_png/IDCB_106.png,1,circle_grid,IDCB_G25_T30,0.12175871343545351,0.16664726149750167,0.0,-0.04488854806204816,1
data/Good_png/IDCB_107.png,1,circle_grid,IDCB_G25_T30,0.1725819944118755,0.16664726149750167,1.0,0.005934732914373825,1
data/Good_png/IDCB_108.png,1,circle_grid,IDCB_G25_T30,0.18901630897914778,0.16664726149750167,1.0,0.022369047481646115,1
data/Good_png/IDCB_11.png,1,circle_grid,IDCB_G27_T25,0.09117854740777256,0.16664726149750167,0.0,-0.0754687140897291,1
data/Good_png/IDCB_12.png,1,circle_grid,IDCB_G27_T25,0.2130887615299536,0.16664726149750167,1.0,0.04644150003245193,1
data/Good_png/IDCB_13.png,1,circle_grid,IDCB_G27_T25,0.18406145233874943,0.16664726149750167,1.0,0.017414190841247762,1
data/Good_png/IDCB_16.png,1,circle_grid,IDCB_G27_T25,0.0013809718712966895,0.16664726149750167,0.0,-0.165266289626205,1
data/Good_png/IDCB_18.png,1,circle_grid,IDCB_G27_T25,0.1280053600611789,0.16664726149750167,0.0,-0.03864190143632276,1
data/Good_png/IDCB_91.png,1,circle_grid,IDCB_G25_T30,0.1124982902445165,0.16664726149750167,0.0,-0.054148971252985165,1
data/Good_png/IDCB_92.png,1,circle_grid,IDCB_G25_T30,0.149231796656052,0.16664726149750167,0.0,-0.01741546484144968,1
data/Good_png/IDCB_94.png,1,circle_grid,IDCB_G25_T30,0.07187442140330878,0.16664726149750167,0.0,-0.09477284009419289,1
data/Good_png/IDCB_99.png,1,circle_grid,IDCB_G25_T30,0.13303414082595116,0.16664726149750167,0.0,-0.033613120671550506,1
data/Bad_png/IDCB_01.png,0,circle_grid,IDCB_G27_T25,0.19444796611713472,0.16664726149750167,1.0,0.02780070461963305,1
data/Bad_png/IDCB_02.png,0,circle_grid,IDCB_G27_T25,0.17142285285482084,0.16664726149750167,1.0,0.00477559135731917,1
data/Bad_png/IDCB_03.png,0,circle_grid,IDCB_G27_T25,0.19346978759642394,0.16664726149750167,1.0,0.026822526098922272,1
data/Bad_png/IDCB_04.png,0,circle_grid,IDCB_G27_T25,0.14384178730673491,0.16664726149750167,0.0,-0.022805474190766756,1
data/Bad_png/IDCB_05.png,0,circle_grid,IDCB_G27_T25,0.17480851740492956,0.16664726149750167,1.0,0.008161255907427889,1
data/Bad_png/IDCB_06.png,0,circle_grid,IDCB_G27_T25,0.2043753579767208,0.16664726149750167,1.0,0.037728096479219125,1
data/Bad_png/IDCB_07.png,0,circle_grid,IDCB_G27_T25,0.1458382993429184,0.16664726149750167,0.0,-0.020808962154583277,1
data/Bad_png/IDCB_08.png,0,circle_grid,IDCB_G27_T25,0.12631268285885924,0.16664726149750167,0.0,-0.04033457863864243,1
data/Bad_png/IDCB_09.png,0,circle_grid,IDCB_G27_T25,0.16791792268941386,0.16664726149750167,1.0,0.0012706611919121868,1
data/Bad_png/IDCB_10.png,0,circle_grid,IDCB_G27_T25,0.13763830582959136,0.16664726149750167,0.0,-0.029008955667910313,1
data/Bad_png/IDCB_100.png,0,circle_grid,IDCB_G25_T30,0.06554439914066319,0.16664726149750167,0.0,-0.10110286235683848,1
data/Bad_png/IDCB_101.png,0,circle_grid,IDCB_G25_T30,0.1031067567868093,0.16664726149750167,0.0,-0.06354050471069236,1
data/Bad_png/IDCB_102.png,0,circle_grid,IDCB_G25_T30,0.15312453651689906,0.16664726149750167,0.0,-0.013522724980602613,1
data/Bad_png/IDCB_14.png,0,circle_grid,IDCB_G27_T25,0.0254819751505943,0.16664726149750167,0.0,-0.14116528634690736,1
data/Bad_png/IDCB_15.png,0,circle_grid,IDCB_G27_T25,0.005405366721893841,0.16664726149750167,0.0,-0.16124189477560782,1
data/Bad_png/IDCB_17.png,0,circle_grid,IDCB_G27_T25,0.015462297773032353,0.16664726149750167,0.0,-0.15118496372446932,1
data/Bad_png/IDCB_93.png,0,circle_grid,IDCB_G25_T30,0.07357124228911789,0.16664726149750167,0.0,-0.09307601920838378,1
data/Bad_png/IDCB_95.png,0,circle_grid,IDCB_G25_T30,0.24095168445398105,0.16664726149750167,1.0,0.07430442295647938,1
data/Bad_png/IDCB_96.png,0,circle_grid,IDCB_G25_T30,0.07095781814068845,0.16664726149750167,0.0,-0.09568944335681322,1
data/Bad_png/IDCB_97.png,0,circle_grid,IDCB_G25_T30,0.14194244589214436,0.16664726149750167,0.0,-0.02470481560535731,1
data/Bad_png/IDCB_98.png,0,circle_grid,IDCB_G25_T30,0.07256506800464943,0.16664726149750167,0.0,-0.09408219349285224,1
data/Good_png/IDSR_73.png,1,line,IDSR_G30_T35,0.026593739006108386,0.0012121518080518109,1.0,0.025381587198056575,1
data/Good_png/IDSR_74.png,1,line,IDSR_G30_T35,0.0009237361525855302,0.0012121518080518109,0.0,-0.0002884156554662806,1
data/Good_png/IDSR_76.png,1,line,IDSR_G30_T35,0.04053634281636539,0.0012121518080518109,1.0,0.03932419100831358,1
data/Good_png/IDSR_77.png,1,line,IDSR_G30_T35,0.025723731658794997,0.0012121518080518109,1.0,0.024511579850743186,1
data/Good_png/IDSR_78.png,1,line,IDSR_G30_T35,0.10756548232480001,0.0012121518080518109,1.0,0.1063533305167482,1
data/Good_png/IDSR_79.png,1,line,IDSR_G30_T35,0.019845247626753354,0.0012121518080518109,1.0,0.018633095818701543,1
data/Good_png/IDSR_80.png,1,line,IDSR_G30_T35,0.06233879212520923,0.0012121518080518109,1.0,0.06112664031715742,1
data/Good_png/IDSR_81.png,1,line,IDSR_G30_T35,0.0009795425404965947,0.0012121518080518109,0.0,-0.0002326092675552162,1
data/Good_png/IDSR_83.png,1,line,IDSR_G30_T35,0.0720533710702827,0.0012121518080518109,1.0,0.07084121926223089,1
data/Good_png/IDSR_87.png,1,line,IDSR_G30_T35,0.07804819008333003,0.0012121518080518109,1.0,0.07683603827527821,1
data/Good_png/IDSR_89.png,1,line,IDSR_G30_T35,0.08502526476369159,0.0012121518080518109,1.0,0.08381311295563977,1
data/Good_png/IDSR_90.png,1,line,IDSR_G30_T35,0.020597880087428442,0.0012121518080518109,1.0,0.01938572827937663,1
data/Good_png/IDST_02.png,1,line,IDST_G27_T25,0.0008776499380149239,0.0012121518080518109,0.0,-0.000334501870036887,1
data/Good_png/IDST_03.png,1,line,IDST_G27_T25,0.03390146605849193,0.0012121518080518109,1.0,0.032689314250440124,1
data/Good_png/IDST_05.png,1,line,IDST_G27_T25,4.898656555454062e-05,0.0012121518080518109,0.0,-0.0011631652424972702,1
data/Good_png/IDST_06.png,1,line,IDST_G27_T25,0.10743315600782447,0.0012121518080518109,1.0,0.10622100419977265,1
data/Good_png/IDST_07.png,1,line,IDST_G27_T25,0.0012718035373926974,0.0012121518080518109,1.0,5.965172934088649e-05,1
data/Good_png/IDST_09.png,1,line,IDST_G27_T25,0.012342766567123844,0.0012121518080518109,1.0,0.011130614759072033,1
data/Good_png/IDST_12.png,1,line,IDST_G27_T25,0.05279759120686994,0.0012121518080518109,1.0,0.051585439398818135,1
data/Good_png/IDST_14.png,1,line,IDST_G27_T25,0.014747663939738125,0.0012121518080518109,1.0,0.013535512131686314,1
data/Good_png/IDST_15.png,1,line,IDST_G27_T25,0.0013505977564124967,0.0012121518080518109,1.0,0.00013844594836068583,1
data/Good_png/IDST_16.png,1,line,IDST_G27_T25,0.0012223961301555649,0.0012121518080518109,1.0,1.0244322103754007e-05,1
data/Good_png/IDST_17.png,1,line,IDST_G27_T25,0.0008074141342704809,0.0012121518080518109,0.0,-0.00040473767378132995,1
data/Bad_png/IDSR_75.png,0,line,IDSR_G30_T35,0.02366440899658865,0.0012121518080518109,1.0,0.02245225718853684,1
data/Bad_png/IDSR_82.png,0,line,IDSR_G30_T35,0.05396551222538683,0.0012121518080518109,1.0,0.05275336041733502,1
data/Bad_png/IDSR_84.png,0,line,IDSR_G30_T35,0.0011808573591616486,0.0012121518080518109,0.0,-3.129444889016231e-05,1
data/Bad_png/IDSR_85.png,0,line,IDSR_G30_T35,0.013249542307656622,0.0012121518080518109,1.0,0.012037390499604811,1
data/Bad_png/IDSR_86.png,0,line,IDSR_G30_T35,0.019442948695237848,0.0012121518080518109,1.0,0.018230796887186037,1
data/Bad_png/IDSR_88.png,0,line,IDSR_G30_T35,0.017436974951037593,0.0012121518080518109,1.0,0.016224823142985782,1
data/Bad_png/IDST_01.png,0,line,IDST_G27_T25,0.007980290916212794,0.0012121518080518109,1.0,0.006768139108160983,1
data/Bad_png/IDST_04.png,0,line,IDST_G27_T25,0.0012444986631859256,0.0012121518080518109,1.0,3.2346855134114715e-05,1
data/Bad_png/IDST_08.png,0,line,IDST_G27_T25,0.00812960237711998,0.0012121518080518109,1.0,0.00691745056906817,1
data/Bad_png/IDST_10.png,0,line,IDST_G27_T25,0.01122897305134094,0.0012121518080518109,1.0,0.010016821243289129,1
data/Bad_png/IDST_11.png,0,line,IDST_G27_T25,0.012459940560240926,0.0012121518080518109,1.0,0.011247788752189115,1
data/Bad_png/IDST_13.png,0,line,IDST_G27_T25,0.0009740307557541119,0.0012121518080518109,0.0,-0.00023812105229769893,1
data/Bad_png/IDST_18.png,0,line,IDST_G27_T25,0.10571075172332697,0.0012121518080518109,1.0,0.10449859991527516,1
data/Good_png/IDSQR_ (25).png,1,square_grid,IDSQR_G27_T30,0.04624474072737011,0.13935206665526775,0.0,-0.09310732592789764,1
data/Good_png/ID_19.png,1,square_grid,ID_G27_T30,0.01887669290023755,0.13935206665526775,0.0,-0.1204753737550302,1
data/Good_png/ID_20.png,1,square_grid,ID_G27_T30,0.0014027237672394365,0.13935206665526775,0.0,-0.13794934288802832,1
data/Good_png/ID_22.png,1,square_grid,ID_G27_T30,0.016407667237277882,0.13935206665526775,0.0,-0.12294439941798987,1
data/Good_png/ID_32.png,1,square_grid,ID_G27_T30,0.01793460632350356,0.13935206665526775,0.0,-0.12141746033176419,1
data/Good_png/ID_35.png,1,square_grid,ID_G27_T30,0.17152118754315404,0.13935206665526775,1.0,0.03216912088788629,1
data/Bad_png/IDSQR_ (19).png,0,square_grid,IDSQR_G27_T30,0.10871143861887189,0.13935206665526775,0.0,-0.03064062803639586,1
data/Bad_png/IDSQR_ (20).png,0,square_grid,IDSQR_G27_T30,0.0011913084912354406,0.13935206665526775,0.0,-0.1381607581640323,1
data/Bad_png/IDSQR_ (21).png,0,square_grid,IDSQR_G27_T30,0.16946895825585429,0.13935206665526775,1.0,0.03011689160058653,1
data/Bad_png/IDSQR_ (22).png,0,square_grid,IDSQR_G27_T30,0.09020674465912114,0.13935206665526775,0.0,-0.049145321996146615,1
data/Bad_png/IDSQR_ (23).png,0,square_grid,IDSQR_G27_T30,4.756685308309201e-05,0.13935206665526775,0.0,-0.13930449980218465,1
data/Bad_png/IDSQR_ (24).png,0,square_grid,IDSQR_G27_T30,0.10699363993466693,0.13935206665526775,0.0,-0.032358426720600825,1
data/Bad_png/IDSQR_ (26).png,0,square_grid,IDSQR_G27_T30,0.0012488265384574713,0.13935206665526775,0.0,-0.13810324011681027,1
data/Bad_png/IDSQR_ (27).png,0,square_grid,IDSQR_G27_T30,0.1535680429031035,0.13935206665526775,1.0,0.014215976247835743,1
data/Bad_png/IDSQR_ (28).png,0,square_grid,IDSQR_G27_T30,0.13970568561674176,0.13935206665526775,1.0,0.0003536189614740115,1
data/Bad_png/IDSQR_ (29).png,0,square_grid,IDSQR_G27_T30,0.0011067500533047995,0.13935206665526775,0.0,-0.13824531660196296,1
data/Bad_png/IDSQR_ (30).png,0,square_grid,IDSQR_G27_T30,4.7904415602685324e-05,0.13935206665526775,0.0,-0.13930416223966507,1
data/Bad_png/IDSQR_ (31).png,0,square_grid,IDSQR_G27_T30,0.26754086057907167,0.13935206665526775,1.0,0.12818879392380392,1
data/Bad_png/IDSQR_ (32).png,0,square_grid,IDSQR_G27_T30,0.1846742769138336,0.13935206665526775,1.0,0.04532221025856584,1
data/Bad_png/IDSQR_ (33).png,0,square_grid,IDSQR_G27_T30,0.0012756507722673617,0.13935206665526775,0.0,-0.1380764158830004,1
data/Bad_png/IDSQR_ (34).png,0,square_grid,IDSQR_G27_T30,4.3429652991165765e-05,0.13935206665526775,0.0,-0.13930863700227658,1
data/Bad_png/IDSQR_ (35).png,0,square_grid,IDSQR_G27_T30,0.09475017543443336,0.13935206665526775,0.0,-0.0446018912208344,1
data/Bad_png/IDSQR_ (36).png,0,square_grid,IDSQR_G27_T30,0.15096471633864475,0.13935206665526775,1.0,0.011612649683376997,1
data/Bad_png/ID_21.png,0,square_grid,ID_G27_T30,0.09590059356658576,0.13935206665526775,0.0,-0.043451473088682,1
data/Bad_png/ID_23.png,0,square_grid,ID_G27_T30,0.0868257295648965,0.13935206665526775,0.0,-0.05252633709037126,1
data/Bad_png/ID_24.png,0,square_grid,ID_G27_T30,0.09225758814527342,0.13935206665526775,0.0,-0.047094478509994334,1
data/Bad_png/ID_25.png,0,square_grid,ID_G27_T30,0.10987963170177065,0.13935206665526775,0.0,-0.029472434953497106,1
data/Bad_png/ID_26.png,0,square_grid,ID_G27_T30,0.1088635042772427,0.13935206665526775,0.0,-0.030488562378025053,1
data/Bad_png/ID_27.png,0,square_grid,ID_G27_T30,0.13311773450863368,0.13935206665526775,0.0,-0.006234332146634075,1
data/Bad_png/ID_28.png,0,square_grid,ID_G27_T30,0.04831593822405215,0.13935206665526775,0.0,-0.09103612843121561,1
data/Bad_png/ID_29.png,0,square_grid,ID_G27_T30,0.019869313666288347,0.13935206665526775,0.0,-0.11948275298897941,1
data/Bad_png/ID_30.png,0,square_grid,ID_G27_T30,0.0011457245730583964,0.13935206665526775,0.0,-0.13820634208220936,1
data/Bad_png/ID_31.png,0,square_grid,ID_G27_T30,0.09515492336884697,0.13935206665526775,0.0,-0.044197143286420784,1
data/Bad_png/ID_33.png,0,square_grid,ID_G27_T30,0.0007741104813298351,0.13935206665526775,0.0,-0.13857795617393792,1
data/Bad_png/ID_34.png,0,square_grid,ID_G27_T30,0.08903661361955162,0.13935206665526775,0.0,-0.050315453035716134,1
data/Bad_png/ID_36.png,0,square_grid,ID_G27_T30,0.14111682018748514,0.13935206665526775,1.0,0.001764753532217389,1
data/Good_png/IDCR_55.png,1,circle,IDCR_G25_T35,0.2196098791024169,0.2518702400310681,0.0,-0.03226036092865123,2
data/Good_png/IDCR_58.png,1,circle,IDCR_G25_T35,0.22354445048704316,0.2518702400310681,0.0,-0.028325789544024954,2
data/Good_png/IDCR_64.png,1,circle,IDCR_G25_T35,0.24645507404041683,0.2518702400310681,0.0,-0.005415165990651283,2
data/Good_png/IDCR_65.png,1,circle,IDCR_G25_T35,0.2833290751800237,0.2518702400310681,1.0,0.03145883514895559,2
data/Good_png/IDCR_68.png,1,circle,IDCR_G25_T35,0.193286787989835,0.2518702400310681,0.0,-0.05858345204123311,2
data/Good_png/IDCR_71.png,1,circle,IDCR_G25_T35,0.4055641249088514,0.2518702400310681,1.0,0.1536938848777833,2
data/Good_png/IDCR_73.png,1,circle,IDCR_G30_T35,0.2698552957812928,0.2518702400310681,1.0,0.017985055750224688,2
data/Good_png/IDCR_74.png,1,circle,IDCR_G30_T35,0.09634675766264214,0.2518702400310681,0.0,-0.15552348236842597,2
data/Good_png/IDCR_75.png,1,circle,IDCR_G30_T35,0.1594631227623603,0.2518702400310681,0.0,-0.09240711726870782,2
data/Good_png/IDCR_76.png,1,circle,IDCR_G30_T35,0.25690490343820876,0.2518702400310681,1.0,0.005034663407140649,2
data/Good_png/IDCR_79.png,1,circle,IDCR_G30_T35,0.20973016599675984,0.2518702400310681,0.0,-0.04214007403430828,2
data/Good_png/IDCR_80.png,1,circle,IDCR_G30_T35,0.2362231373500506,0.2518702400310681,0.0,-0.015647102681017516,2
data/Good_png/IDCR_82.png,1,circle,IDCR_G30_T35,0.2482255225784291,0.2518702400310681,0.0,-0.003644717452639029,2
data/Good_png/IDCR_84.png,1,circle,IDCR_G30_T35,0.24212718660096808,0.2518702400310681,0.0,-0.00974305343010004,2
data/Good_png/IDCR_85.png,1,circle,IDCR_G30_T35,0.24248998051299325,0.2518702400310681,0.0,-0.009380259518074863,2
data/Good_png/IDCR_86.png,1,circle,IDCR_G30_T35,0.2793745696897382,0.2518702400310681,1.0,0.027504329658670057,2
data/Good_png/IDCT_20.png,1,circle,IDCT_G27_T30,0.3062979711929673,0.2518702400310681,1.0,0.054427731161899195,2
data/Good_png/IDCT_21.png,1,circle,IDCT_G27_T30,0.30862409563218474,0.2518702400310681,1.0,0.05675385560111662,2
data/Good_png/IDCT_23.png,1,circle,IDCT_G27_T30,0.23866943406300048,0.2518702400310681,0.0,-0.013200805968067636,2
data/Good_png/IDCT_24.png,1,circle,IDCT_G27_T30,0.4786928313823113,0.2518702400310681,1.0,0.22682259135124316,2
data/Good_png/IDCT_26.png,1,circle,IDCT_G27_T30,0.3284038170253749,0.2518702400310681,1.0,0.0765335769943068,2
data/Good_png/IDCT_29.png,1,circle,IDCT_G27_T30,0.4252806564418839,0.2518702400310681,1.0,0.17341041641081578,2
data/Good_png/IDCT_35.png,1,circle,IDCT_G27_T30,0.272520830344837,0.2518702400310681,1.0,0.02065059031376887,2
data/Good_png/IDCT_36.png,1,circle,IDCT_G27_T30,0.2855877170018933,0.2518702400310681,1.0,0.033717476970825166,2
data/Bad_png/IDCR_56.png,0,circle,IDCR_G25_T35,0.28788099593205946,0.2518702400310681,1.0,0.03601075590099134,2
data/Bad_png/IDCR_57.png,0,circle,IDCR_G25_T35,0.29194922423848785,0.2518702400310681,1.0,0.04007898420741973,2
data/Bad_png/IDCR_59.png,0,circle,IDCR_G25_T35,0.24218002038337047,0.2518702400310681,0.0,-0.009690219647697645,2
data/Bad_png/IDCR_60.png,0,circle,IDCR_G25_T35,0.3152340920662642,0.2518702400310681,1.0,0.06336385203519607,2
data/Bad_png/IDCR_61.png,0,circle,IDCR_G25_T35,0.20632395792146366,0.2518702400310681,0.0,-0.04554628210960446,2
data/Bad_png/IDCR_62.png,0,circle,IDCR_G25_T35,0.2389633042390933,0.2518702400310681,0.0,-0.012906935791974827,2
data/Bad_png/IDCR_63.png,0,circle,IDCR_G25_T35,0.34194863188218344,0.2518702400310681,1.0,0.09007839185111532,2
data/Bad_png/IDCR_66.png,0,circle,IDCR_G25_T35,0.32279383126590705,0.2518702400310681,1.0,0.07092359123483893,2
data/Bad_png/IDCR_67.png,0,circle,IDCR_G25_T35,0.23959929304883534,0.2518702400310681,0.0,-0.012270946982232772,2
data/Bad_png/IDCR_69.png,0,circle,IDCR_G25_T35,0.3383787225854688,0.2518702400310681,1.0,0.08650848255440069,2
data/Bad_png/IDCR_70.png,0,circle,IDCR_G25_T35,0.15798111265473092,0.2518702400310681,0.0,-0.0938891273763372,2
data/Bad_png/IDCR_72.png,0,circle,IDCR_G25_T35,0.05901613152874058,0.2518702400310681,0.0,-0.19285410850232754,2
data/Bad_png/IDCR_77.png,0,circle,IDCR_G30_T35,0.2562882780386878,0.2518702400310681,1.0,0.004418038007619696,2
data/Bad_png/IDCR_78.png,0,circle,IDCR_G30_T35,0.17325328598682413,0.2518702400310681,0.0,-0.07861695404424399,2
data/Bad_png/IDCR_81.png,0,circle,IDCR_G30_T35,0.3314852736737294,0.2518702400310681,1.0,0.07961503364266126,2
data/Bad_png/IDCR_83.png,0,circle,IDCR_G30_T35,0.17434304888774327,0.2518702400310681,0.0,-0.07752719114332485,2
data/Bad_png/IDCR_87.png,0,circle,IDCR_G30_T35,0.15263531539019806,0.2518702400310681,0.0,-0.09923492464087005,2
data/Bad_png/IDCR_88.png,0,circle,IDCR_G30_T35,0.19473673517338683,0.2518702400310681,0.0,-0.05713350485768129,2
data/Bad_png/IDCR_89.png,0,circle,IDCR_G30_T35,0.14885642565675614,0.2518702400310681,0.0,-0.10301381437431198,2
data/Bad_png/IDCR_90.png,0,circle,IDCR_G30_T35,0.2312609851491689,0.2518702400310681,0.0,-0.020609254881899214,2
data/Bad_png/IDCT_22.png,0,circle,IDCT_G27_T30,0.20449401893582933,0.2518702400310681,0.0,-0.047376221095238785,2
data/Bad_png/IDCT_25.png,0,circle,IDCT_G27_T30,0.2425929816366382,0.2518702400310681,0.0,-0.009277258394429916,2
data/Bad_png/IDCT_27.png,0,circle,IDCT_G27_T30,0.3102042093056742,0.2518702400310681,1.0,0.0583339692746061,2
data/Bad_png/IDCT_28.png,0,circle,IDCT_G27_T30,0.28909849393905757,0.2518702400310681,1.0,0.03722825390798945,2
data/Bad_png/IDCT_31.png,0,circle,IDCT_G27_T30,0.30163327175012394,0.2518702400310681,1.0,0.04976303171905583,2
data/Bad_png/IDCT_32.png,0,circle,IDCT_G27_T30,0.12068631331646892,0.2518702400310681,0.0,-0.1311839267145992,2
data/Bad_png/IDCT_33.png,0,circle,IDCT_G27_T30,0.28873874725053084,0.2518702400310681,1.0,0.03686850721946272,2
data/Bad_png/IDCT_34.png,0,circle,IDCT_G27_T30,0.3053810049442782,0.2518702400310681,1.0,0.05351076491321011,2
data/Good_png/IDCBR_56.png,1,circle_grid,IDCBR_G25_T35,0.22130880622163884,0.10440067371166822,1.0,0.11690813250997062,2
data/Good_png/IDCBR_57.png,1,circle_grid,IDCBR_G25_T35,0.21817777443197725,0.10440067371166822,1.0,0.11377710072030903,2
data/Good_png/IDCBR_59.png,1,circle_grid,IDCBR_G25_T35,0.21944622100138148,0.10440067371166822,1.0,0.11504554728971325,2
data/Good_png/IDCBR_60.png,1,circle_grid,IDCBR_G25_T35,0.21185419659517268,0.10440067371166822,1.0,0.10745352288350446,2
data/Good_png/IDCBR_61.png,1,circle_grid,IDCBR_G25_T35,0.16077609986965874,0.10440067371166822,1.0,0.056375426157990516,2
data/Good_png/IDCBR_62.png,1,circle_grid,IDCBR_G25_T35,0.220111848110495,0.10440067371166822,1.0,0.11571117439882678,2
data/Good_png/IDCBR_63.png,1,circle_grid,IDCBR_G25_T35,0.17398428384015563,0.10440067371166822,1.0,0.0695836101284874,2
data/Good_png/IDCBR_65.png,1,circle_grid,IDCBR_G25_T35,0.13442235664623592,0.10440067371166822,1.0,0.030021682934567695,2
data/Good_png/IDCBR_68.png,1,circle_grid,IDCBR_G25_T35,0.019508797167444174,0.10440067371166822,0.0,-0.08489187654422405,2
data/Good_png/IDCBR_69.png,1,circle_grid,IDCBR_G25_T35,0.2167333371216332,0.10440067371166822,1.0,0.11233266340996498,2
data/Good_png/IDCBR_70.png,1,circle_grid,IDCBR_G25_T35,0.2540150619588021,0.10440067371166822,1.0,0.14961438824713386,2
data/Good_png/IDCBR_72.png,1,circle_grid,IDCBR_G25_T35,0.2239424326018565,0.10440067371166822,1.0,0.11954175889018828,2
data/Good_png/IDCB_60.png,1,circle_grid,IDCB_G30_T25,0.11806755857582654,0.10440067371166822,1.0,0.013666884864158318,2
data/Good_png/IDCB_63.png,1,circle_grid,IDCB_G30_T25,0.16939296088455283,0.10440067371166822,1.0,0.0649922871728846,2
data/Good_png/IDCB_64.png,1,circle_grid,IDCB_G30_T25,0.12244607785336871,0.10440067371166822,1.0,0.018045404141700486,2
data/Good_png/IDCB_66.png,1,circle_grid,IDCB_G30_T25,0.14324521600198298,0.10440067371166822,1.0,0.038844542290314754,2
data/Good_png/IDCB_68.png,1,circle_grid,IDCB_G30_T25,0.32729832670137793,0.10440067371166822,1.0,0.2228976529897097,2
data/Good_png/IDCB_71.png,1,circle_grid,IDCB_G30_T25,0.3434533124353114,0.10440067371166822,1.0,0.23905263872364318,2
data/Good_png/IDCB_72.png,1,circle_grid,IDCB_G30_T25,0.260832281122379,0.10440067371166822,1.0,0.15643160741071077,2
data/Bad_png/IDCBR_55.png,0,circle_grid,IDCBR_G25_T35,0.13257318013928868,0.10440067371166822,1.0,0.028172506427620453,2
data/Bad_png/IDCBR_58.png,0,circle_grid,IDCBR_G25_T35,0.1284351687986322,0.10440067371166822,1.0,0.02403449508696398,2
data/Bad_png/IDCBR_64.png,0,circle_grid,IDCBR_G25_T35,0.11980986412174469,0.10440067371166822,1.0,0.015409190410076462,2
data/Bad_png/IDCBR_66.png,0,circle_grid,IDCBR_G25_T35,0.15578113873400054,0.10440067371166822,1.0,0.05138046502233232,2
data/Bad_png/IDCBR_67.png,0,circle_grid,IDCBR_G25_T35,0.096691183557494,0.10440067371166822,0.0,-0.007709490154174228,2
data/Bad_png/IDCBR_71.png,0,circle_grid,IDCBR_G25_T35,0.2058773639083612,0.10440067371166822,1.0,0.10147669019669298,2
data/Bad_png/IDCB_55.png,0,circle_grid,IDCB_G30_T25,0.07463651813056717,0.10440067371166822,0.0,-0.029764155581101057,2
data/Bad_png/IDCB_56.png,0,circle_grid,IDCB_G30_T25,0.28804364583899994,0.10440067371166822,1.0,0.18364297212733172,2
data/Bad_png/IDCB_57.png,0,circle_grid,IDCB_G30_T25,0.2640701333129819,0.10440067371166822,1.0,0.15966945960131368,2
data/Bad_png/IDCB_58.png,0,circle_grid,IDCB_G30_T25,0.06613999505365828,0.10440067371166822,0.0,-0.038260678658009944,2
data/Bad_png/IDCB_59.png,0,circle_grid,IDCB_G30_T25,0.2730678491190823,0.10440067371166822,1.0,0.16866717540741405,2
data/Bad_png/IDCB_61.png,0,circle_grid,IDCB_G30_T25,0.0164264340904325,0.10440067371166822,0.0,-0.08797423962123573,2
data/Bad_png/IDCB_62.png,0,circle_grid,IDCB_G30_T25,0.16614453895187833,0.10440067371166822,1.0,0.06174386524021011,2
data/Bad_png/IDCB_65.png,0,circle_grid,IDCB_G30_T25,0.12633116683555237,0.10440067371166822,1.0,0.02193049312388415,2
data/Bad_png/IDCB_67.png,0,circle_grid,IDCB_G30_T25,0.0015896773496603793,0.10440067371166822,0.0,-0.10281099636200784,2
data/Bad_png/IDCB_69.png,0,circle_grid,IDCB_G30_T25,0.14355703696454547,0.10440067371166822,1.0,0.039156363252877247,2
data/Bad_png/IDCB_70.png,0,circle_grid,IDCB_G30_T25,0.09340408772573702,0.10440067371166822,0.0,-0.010996585985931201,2
data/Good_png/IDSR_01.png,1,line,IDSR_G27_T35,0.022680063970428085,0.013488452471728914,1.0,0.009191611498699171,2
data/Good_png/IDSR_04.png,1,line,IDSR_G27_T35,0.11381252227676954,0.013488452471728914,1.0,0.10032406980504062,2
data/Good_png/IDSR_07.png,1,line,IDSR_G27_T35,0.01853260121917973,0.013488452471728914,1.0,0.005044148747450815,2
data/Good_png/IDSR_08.png,1,line,IDSR_G27_T35,0.02242028539813174,0.013488452471728914,1.0,0.008931832926402827,2
data/Good_png/IDSR_10.png,1,line,IDSR_G27_T35,0.016315683017687804,0.013488452471728914,1.0,0.0028272305459588892,2
data/Good_png/IDSR_14.png,1,line,IDSR_G27_T35,0.02212596693542066,0.013488452471728914,1.0,0.008637514463691747,2
data/Good_png/IDSR_17.png,1,line,IDSR_G27_T35,0.019148386832435783,0.013488452471728914,1.0,0.005659934360706869,2
data/Good_png/IDSR_18.png,1,line,IDSR_G27_T35,0.019733784779294626,0.013488452471728914,1.0,0.006245332307565712,2
data/Good_png/IDSR_55.png,1,line,IDSR_G25_T35,0.001226979752736365,0.013488452471728914,0.0,-0.012261472718992548,2
data/Good_png/IDSR_56.png,1,line,IDSR_G25_T35,0.022811767993862617,0.013488452471728914,1.0,0.009323315522133703,2
data/Good_png/IDSR_58.png,1,line,IDSR_G25_T35,0.02048806351500686,0.013488452471728914,1.0,0.0069996110432779465,2
data/Good_png/IDSR_61.png,1,line,IDSR_G25_T35,0.016570687926804065,0.013488452471728914,1.0,0.0030822354550751503,2
data/Good_png/IDSR_65.png,1,line,IDSR_G25_T35,0.0009540861814390685,0.013488452471728914,0.0,-0.012534366290289846,2
data/Good_png/IDSR_68.png,1,line,IDSR_G25_T35,0.01684000588648478,0.013488452471728914,1.0,0.0033515534147558652,2
data/Good_png/IDSR_70.png,1,line,IDSR_G25_T35,0.016006522157173107,0.013488452471728914,1.0,0.0025180696854441922,2
data/Good_png/IDSR_71.png,1,line,IDSR_G25_T35,0.021475997671898724,0.013488452471728914,1.0,0.00798754520016981,2
data/Good_png/IDST_20.png,1,line,IDST_G27_T30,0.015190022183862128,0.013488452471728914,1.0,0.0017015697121332135,2
data/Good_png/IDST_21.png,1,line,IDST_G27_T30,0.11822400813957902,0.013488452471728914,1.0,0.1047355556678501,2
data/Good_png/IDST_22.png,1,line,IDST_G27_T30,0.019772657983279623,0.013488452471728914,1.0,0.006284205511550709,2
data/Good_png/IDST_23.png,1,line,IDST_G27_T30,0.014051546375351302,0.013488452471728914,1.0,0.0005630939036223876,2
data/Good_png/IDST_24.png,1,line,IDST_G27_T30,0.001446523471823377,0.013488452471728914,0.0,-0.012041928999905537,2
data/Good_png/IDST_25.png,1,line,IDST_G27_T30,0.0151094223092208,0.013488452471728914,1.0,0.0016209698374918865,2
data/Good_png/IDST_26.png,1,line,IDST_G27_T30,0.021025946576396927,0.013488452471728914,1.0,0.007537494104668013,2
data/Good_png/IDST_27.png,1,line,IDST_G27_T30,0.013749335849175856,0.013488452471728914,1.0,0.0002608833774469417,2
data/Good_png/IDST_29.png,1,line,IDST_G27_T30,0.02357835308522196,0.013488452471728914,1.0,0.010089900613493047,2
data/Good_png/IDST_31.png,1,line,IDST_G27_T30,0.018896721852230687,0.013488452471728914,1.0,0.005408269380501773,2
data/Good_png/IDST_32.png,1,line,IDST_G27_T30,0.0013888275071924424,0.013488452471728914,0.0,-0.012099624964536471,2
data/Good_png/IDST_34.png,1,line,IDST_G27_T30,0.0706087185668319,0.013488452471728914,1.0,0.057120266095102984,2
data/Good_png/IDST_35.png,1,line,IDST_G27_T30,0.011072091130487275,0.013488452471728914,0.0,-0.0024163613412416397,2
data/Bad_png/IDSR_02.png,0,line,IDSR_G27_T35,0.09962163045976737,0.013488452471728914,1.0,0.08613317798803845,2
data/Bad_png/IDSR_03.png,0,line,IDSR_G27_T35,0.16015282661590935,0.013488452471728914,1.0,0.14666437414418043,2
data/Bad_png/IDSR_05.png,0,line,IDSR_G27_T35,0.022620248538624023,0.013488452471728914,1.0,0.009131796066895109,2
data/Bad_png/IDSR_06.png,0,line,IDSR_G27_T35,0.09387314620367862,0.013488452471728914,1.0,0.0803846937319497,2
data/Bad_png/IDSR_09.png,0,line,IDSR_G27_T35,0.02319574198571126,0.013488452471728914,1.0,0.009707289513982347,2
data/Bad_png/IDSR_11.png,0,line,IDSR_G27_T35,0.017493251697666443,0.013488452471728914,1.0,0.004004799225937529,2
data/Bad_png/IDSR_12.png,0,line,IDSR_G27_T35,0.022358945166909602,0.013488452471728914,1.0,0.008870492695180688,2
data/Bad_png/IDSR_13.png,0,line,IDSR_G27_T35,0.0010156183135870554,0.013488452471728914,0.0,-0.01247283415814186,2
data/Bad_png/IDSR_16.png,0,line,IDSR_G27_T35,0.0009082986318598714,0.013488452471728914,0.0,-0.012580153839869043,2
data/Bad_png/IDSR_57.png,0,line,IDSR_G25_T35,0.10735786171704616,0.013488452471728914,1.0,0.09386940924531724,2
data/Bad_png/IDSR_59.png,0,line,IDSR_G25_T35,0.06263318875822713,0.013488452471728914,1.0,0.04914473628649821,2
data/Bad_png/IDSR_60.png,0,line,IDSR_G25_T35,0.13661230071950195,0.013488452471728914,1.0,0.12312384824777303,2
data/Bad_png/IDSR_62.png,0,line,IDSR_G25_T35,0.027883569735633558,0.013488452471728914,1.0,0.014395117263904644,2
data/Bad_png/IDSR_63.png,0,line,IDSR_G25_T35,0.1563313876608008,0.013488452471728914,1.0,0.14284293518907187,2
data/Bad_png/IDSR_64.png,0,line,IDSR_G25_T35,0.09846028714433695,0.013488452471728914,1.0,0.08497183467260803,2
data/Bad_png/IDSR_66.png,0,line,IDSR_G25_T35,0.0011708847562390925,0.013488452471728914,0.0,-0.012317567715489822,2
data/Bad_png/IDSR_67.png,0,line,IDSR_G25_T35,0.016190350619641223,0.013488452471728914,1.0,0.0027018981479123086,2
data/Bad_png/IDSR_69.png,0,line,IDSR_G25_T35,0.017954563452448828,0.013488452471728914,1.0,0.004466110980719914,2
data/Bad_png/IDSR_72.png,0,line,IDSR_G25_T35,0.09881295528313896,0.013488452471728914,1.0,0.08532450281141005,2
data/Bad_png/IDST_19.png,0,line,IDST_G27_T30,0.000677491275895366,0.013488452471728914,0.0,-0.012810961195833548,2
data/Bad_png/IDST_28.png,0,line,IDST_G27_T30,0.0011948634805450903,0.013488452471728914,0.0,-0.012293588991183824,2
data/Bad_png/IDST_30.png,0,line,IDST_G27_T30,0.08875614222411311,0.013488452471728914,1.0,0.0752676897523842,2
data/Bad_png/IDST_33.png,0,line,IDST_G27_T30,0.0013118313457995113,0.013488452471728914,0.0,-0.012176621125929403,2
data/Bad_png/IDST_36.png,0,line,IDST_G27_T30,0.02195372894110634,0.013488452471728914,1.0,0.008465276469377427,2
data/Good_png/IDSQR_ (56).png,1,square_grid,IDSQR_G25_T35,0.08668985437017156,0.14879145411210207,0.0,-0.06210159974193051,2
data/Good_png/IDSQR_ (61).png,1,square_grid,IDSQR_G25_T35,0.06680900764527073,0.14879145411210207,0.0,-0.08198244646683134,2
data/Good_png/IDSQR_ (62).png,1,square_grid,IDSQR_G25_T35,0.11759803707468496,0.14879145411210207,0.0,-0.031193417037417112,2
data/Good_png/IDSQR_ (72).png,1,square_grid,IDSQR_G25_T35,0.1748792806264684,0.14879145411210207,1.0,0.026087826514366336,2
data/Good_png/ID_91.png,1,square_grid,ID_G25_T30,0.009698750331155088,0.14879145411210207,0.0,-0.13909270378094699,2
data/Bad_png/IDSQR_ (55).png,0,square_grid,IDSQR_G25_T35,0.09308894842303103,0.14879145411210207,0.0,-0.055702505689071036,2
data/Bad_png/IDSQR_ (57).png,0,square_grid,IDSQR_G25_T35,0.10650254140556507,0.14879145411210207,0.0,-0.042288912706536994,2
data/Bad_png/IDSQR_ (58).png,0,square_grid,IDSQR_G25_T35,0.16980612319005067,0.14879145411210207,1.0,0.021014669077948606,2
data/Bad_png/IDSQR_ (59).png,0,square_grid,IDSQR_G25_T35,0.12715073493446358,0.14879145411210207,0.0,-0.02164071917763849,2
data/Bad_png/IDSQR_ (60).png,0,square_grid,IDSQR_G25_T35,0.19889317022541805,0.14879145411210207,1.0,0.050101716113315986,2
data/Bad_png/IDSQR_ (63).png,0,square_grid,IDSQR_G25_T35,0.12468851490383015,0.14879145411210207,0.0,-0.024102939208271917,2
data/Bad_png/IDSQR_ (64).png,0,square_grid,IDSQR_G25_T35,0.1071840115778959,0.14879145411210207,0.0,-0.041607442534206174,2
data/Bad_png/IDSQR_ (65).png,0,square_grid,IDSQR_G25_T35,0.11813412491772475,0.14879145411210207,0.0,-0.030657329194377317,2
data/Bad_png/IDSQR_ (66).png,0,square_grid,IDSQR_G25_T35,4.7714099486051535e-05,0.14879145411210207,0.0,-0.148743740012616,2
data/Bad_png/IDSQR_ (67).png,0,square_grid,IDSQR_G25_T35,4.9353320616494135e-05,0.14879145411210207,0.0,-0.14874210079148556,2
data/Bad_png/IDSQR_ (68).png,0,square_grid,IDSQR_G25_T35,0.20898406922837826,0.14879145411210207,1.0,0.06019261511627619,2
data/Bad_png/IDSQR_ (69).png,0,square_grid,IDSQR_G25_T35,0.22592435878945377,0.14879145411210207,1.0,0.0771329046773517,2
data/Bad_png/IDSQR_ (70).png,0,square_grid,IDSQR_G25_T35,0.013869164766217001,0.14879145411210207,0.0,-0.13492228934588507,2
data/Bad_png/IDSQR_ (71).png,0,square_grid,IDSQR_G25_T35,0.10280639977106941,0.14879145411210207,0.0,-0.04598505434103266,2
data/Bad_png/ID_100.png,0,square_grid,ID_G25_T30,0.0012228978451308587,0.14879145411210207,0.0,-0.1475685562669712,2
data/Bad_png/ID_101.png,0,square_grid,ID_G25_T30,0.17403608111617946,0.14879145411210207,1.0,0.025244627004077397,2
data/Bad_png/ID_102.png,0,square_grid,ID_G25_T30,0.09617235751017382,0.14879145411210207,0.0,-0.05261909660192825,2
data/Bad_png/ID_103.png,0,square_grid,ID_G25_T30,0.07285470294127237,0.14879145411210207,0.0,-0.0759367511708297,2
data/Bad_png/ID_104.png,0,square_grid,ID_G25_T30,0.08337929506209264,0.14879145411210207,0.0,-0.06541215905000942,2
data/Bad_png/ID_105.png,0,square_grid,ID_G25_T30,0.048769843029395125,0.14879145411210207,0.0,-0.10002161108270693,2
data/Bad_png/ID_106.png,0,square_grid,ID_G25_T30,0.19915209864784,0.14879145411210207,1.0,0.050360644535737936,2
data/Bad_png/ID_107.png,0,square_grid,ID_G25_T30,4.277265574024908e-05,0.14879145411210207,0.0,-0.14874868145636183,2
data/Bad_png/ID_108.png,0,square_grid,ID_G25_T30,3.778556965204725e-05,0.14879145411210207,0.0,-0.14875366854245,2
data/Bad_png/ID_92.png,0,square_grid,ID_G25_T30,0.13161289481520475,0.14879145411210207,0.0,-0.017178559296897322,2
data/Bad_png/ID_93.png,0,square_grid,ID_G25_T30,0.06347609099967685,0.14879145411210207,0.0,-0.08531536311242521,2
data/Bad_png/ID_94.png,0,square_grid,ID_G25_T30,0.04653155466442478,0.14879145411210207,0.0,-0.10225989944767729,2
data/Bad_png/ID_95.png,0,square_grid,ID_G25_T30,0.08692726574753931,0.14879145411210207,0.0,-0.061864188364562755,2
data/Bad_png/ID_96.png,0,square_grid,ID_G25_T30,0.1316571619248735,0.14879145411210207,0.0,-0.01713429218722856,2
data/Bad_png/ID_97.png,0,square_grid,ID_G25_T30,0.11856700312600157,0.14879145411210207,0.0,-0.030224450986100493,2
data/Bad_png/ID_98.png,0,square_grid,ID_G25_T30,0.09799192542277106,0.14879145411210207,0.0,-0.050799528689331006,2
data/Bad_png/ID_99.png,0,square_grid,ID_G25_T30,0.1057929244909019,0.14879145411210207,0.0,-0.04299852962120017,2
data/Good_png/IDCR_001.png,1,circle,IDCR_G27_T35,0.2660727497632566,0.2358738544699438,1.0,0.030198895293312822,3
data/Good_png/IDCR_03.png,1,circle,IDCR_G27_T35,0.2584781842508521,0.2358738544699438,1.0,0.022604329780908317,3
data/Good_png/IDCR_09.png,1,circle,IDCR_G27_T35,0.3352152813458993,0.2358738544699438,1.0,0.09934142687595549,3
data/Good_png/IDCR_10.png,1,circle,IDCR_G27_T35,0.4509512294559591,0.2358738544699438,1.0,0.2150773749860153,3
data/Good_png/IDCR_104.png,1,circle,IDCR_G30_T30,0.11421669545484003,0.2358738544699438,0.0,-0.12165715901510377,3
data/Good_png/IDCR_105.png,1,circle,IDCR_G30_T30,0.21660095394816636,0.2358738544699438,0.0,-0.019272900521777436,3
data/Good_png/IDCR_106.png,1,circle,IDCR_G30_T30,0.2883671331644891,0.2358738544699438,1.0,0.05249327869454529,3
data/Good_png/IDCR_107.png,1,circle,IDCR_G30_T30,0.28375194775754436,0.2358738544699438,1.0,0.047878093287600565,3
data/Good_png/IDCR_108.png,1,circle,IDCR_G30_T30,0.27446522744905727,0.2358738544699438,1.0,0.03859137297911347,3
data/Good_png/IDCR_11.png,1,circle,IDCR_G27_T35,0.49681752075601116,0.2358738544699438,1.0,0.26094366628606736,3
data/Good_png/IDCR_12.png,1,circle,IDCR_G27_T35,0.29486045465085414,0.2358738544699438,1.0,0.05898660018091034,3
data/Good_png/IDCR_13.png,1,circle,IDCR_G27_T35,0.24526977471489256,0.2358738544699438,1.0,0.009395920244948758,3
data/Good_png/IDCR_14.png,1,circle,IDCR_G27_T35,0.27412447638935,0.2358738544699438,1.0,0.0382506219194062,3
data/Good_png/IDCR_16.png,1,circle,IDCR_G27_T35,0.26269127001853065,0.2358738544699438,1.0,0.026817415548586854,3
data/Good_png/IDCR_17.png,1,circle,IDCR_G27_T35,0.32158549937512404,0.2358738544699438,1.0,0.08571164490518024,3
data/Good_png/IDCR_18.png,1,circle,IDCR_G27_T35,0.272229143931967,0.2358738544699438,1.0,0.03635528946202321,3
data/Good_png/IDCR_94.png,1,circle,IDCR_G30_T30,0.29323332600128776,0.2358738544699438,1.0,0.057359471531343964,3
data/Good_png/IDCR_95.png,1,circle,IDCR_G30_T30,0.26619359474379417,0.2358738544699438,1.0,0.03031974027385037,3
data/Good_png/IDCR_99.png,1,circle,IDCR_G30_T30,0.26023195927214593,0.2358738544699438,1.0,0.02435810480220213,3
data/Bad_png/IDCR_02.png,0,circle,IDCR_G27_T35,0.28567429765003327,0.2358738544699438,1.0,0.04980044318008947,3
data/Bad_png/IDCR_04.png,0,circle,IDCR_G27_T35,0.15244487322847292,0.2358738544699438,0.0,-0.08342898124147088,3
data/Bad_png/IDCR_05.png,0,circle,IDCR_G27_T35,0.19029583532272248,0.2358738544699438,0.0,-0.045578019147221316,3
data/Bad_png/IDCR_06.png,0,circle,IDCR_G27_T35,0.22568031170575703,0.2358738544699438,0.0,-0.01019354276418677,3
data/Bad_png/IDCR_07.png,0,circle,IDCR_G27_T35,0.27605494728126684,0.2358738544699438,1.0,0.04018109281132304,3
data/Bad_png/IDCR_08.png,0,circle,IDCR_G27_T35,0.17990418532034927,0.2358738544699438,0.0,-0.05596966914959453,3
data/Bad_png/IDCR_100.png,0,circle,IDCR_G30_T30,0.20918486411389836,0.2358738544699438,0.0,-0.02668899035604544,3
data/Bad_png/IDCR_101.png,0,circle,IDCR_G30_T30,0.24127874103967184,0.2358738544699438,1.0,0.00540488656972804,3
data/Bad_png/IDCR_102.png,0,circle,IDCR_G30_T30,0.17993096339565426,0.2358738544699438,0.0,-0.05594289107428954,3
data/Bad_png/IDCR_103.png,0,circle,IDCR_G30_T30,0.1398921168595592,0.2358738544699438,0.0,-0.09598173761038459,3
data/Bad_png/IDCR_15.png,0,circle,IDCR_G27_T35,0.2910396470659499,0.2358738544699438,1.0,0.055165792596006125,3
data/Bad_png/IDCR_91.png,0,circle,IDCR_G30_T30,0.17766775927433007,0.2358738544699438,0.0,-0.05820609519561373,3
data/Bad_png/IDCR_92.png,0,circle,IDCR_G30_T30,0.1944858437633244,0.2358738544699438,0.0,-0.041388010706619405,3
data/Bad_png/IDCR_93.png,0,circle,IDCR_G30_T30,0.238718603139417,0.2358738544699438,1.0,0.002844748669473207,3
data/Bad_png/IDCR_96.png,0,circle,IDCR_G30_T30,0.21896650808312937,0.2358738544699438,0.0,-0.01690734638681443,3
data/Bad_png/IDCR_97.png,0,circle,IDCR_G30_T30,0.43552058864130844,0.2358738544699438,1.0,0.19964673417136464,3
data/Bad_png/IDCR_98.png,0,circle,IDCR_G30_T30,0.08531094264729207,0.2358738544699438,0.0,-0.15056291182265175,3
data/Good_png/IDCBR_20.png,1,circle_grid,IDCBR_G27_T30,0.11907367403943277,0.10440067371166822,1.0,0.014673000327764543,3
data/Good_png/IDCBR_21.png,1,circle_grid,IDCBR_G27_T30,0.10031463107256809,0.10440067371166822,0.0,-0.004086042639100132,3
data/Good_png/IDCBR_22.png,1,circle_grid,IDCBR_G27_T30,0.060178643893464896,0.10440067371166822,0.0,-0.04422202981820333,3
data/Good_png/IDCBR_23.png,1,circle_grid,IDCBR_G27_T30,0.1151510521867473,0.10440067371166822,1.0,0.010750378475079078,3
data/Good_png/IDCBR_24.png,1,circle_grid,IDCBR_G27_T30,0.1701273184965699,0.10440067371166822,1.0,0.06572664478490167,3
data/Good_png/IDCBR_27.png,1,circle_grid,IDCBR_G27_T30,0.0729812329072041,0.10440067371166822,0.0,-0.03141944080446413,3
data/Good_png/IDCBR_29.png,1,circle_grid,IDCBR_G27_T30,0.07151776131917038,0.10440067371166822,0.0,-0.03288291239249784,3
data/Good_png/IDCBR_30.png,1,circle_grid,IDCBR_G27_T30,0.09950105462202462,0.10440067371166822,0.0,-0.004899619089643606,3
data/Good_png/IDCBR_31.png,1,circle_grid,IDCBR_G27_T30,0.07652967484076266,0.10440067371166822,0.0,-0.027870998870905564,3
data/Good_png/IDCBR_32.png,1,circle_grid,IDCBR_G27_T30,0.16720165020974043,0.10440067371166822,1.0,0.0628009764980722,3
data/Good_png/IDCBR_35.png,1,circle_grid,IDCBR_G27_T30,0.17792143908979624,0.10440067371166822,1.0,0.07352076537812802,3
data/Good_png/IDCBR_38.png,1,circle_grid,IDCBR_G25_T30,0.22860896008096768,0.10440067371166822,1.0,0.12420828636929945,3
data/Good_png/IDCBR_39.png,1,circle_grid,IDCBR_G25_T30,0.2691597402763603,0.10440067371166822,1.0,0.16475906656469208,3
data/Good_png/IDCBR_41.png,1,circle_grid,IDCBR_G25_T30,0.23537358881578765,0.10440067371166822,1.0,0.13097291510411943,3
data/Good_png/IDCBR_42.png,1,circle_grid,IDCBR_G25_T30,0.3100444473566149,0.10440067371166822,1.0,0.20564377364494668,3
data/Good_png/IDCBR_46.png,1,circle_grid,IDCBR_G25_T30,0.12903795573882665,0.10440067371166822,1.0,0.024637282027158425,3
data/Good_png/IDCBR_47.png,1,circle_grid,IDCBR_G25_T30,0.08504894318199413,0.10440067371166822,0.0,-0.019351730529674094,3
data/Good_png/IDCBR_51.png,1,circle_grid,IDCBR_G25_T30,0.11235110302489903,0.10440067371166822,1.0,0.007950429313230811,3
data/Good_png/IDCBR_53.png,1,circle_grid,IDCBR_G25_T30,0.13690178829301977,0.10440067371166822,1.0,0.03250111458135155,3
data/Good_png/IDCBR_54.png,1,circle_grid,IDCBR_G25_T30,0.17183786230729853,0.10440067371166822,1.0,0.0674371885956303,3
data/Good_png/IDCB_20.png,1,circle_grid,IDCB_G27_T30,0.19258528989911972,0.10440067371166822,1.0,0.08818461618745149,3
data/Good_png/IDCB_21.png,1,circle_grid,IDCB_G27_T30,0.18626305522584366,0.10440067371166822,1.0,0.08186238151417544,3
data/Good_png/IDCB_22.png,1,circle_grid,IDCB_G27_T30,0.2746796712946276,0.10440067371166822,1.0,0.1702789975829594,3
data/Good_png/IDCB_23.png,1,circle_grid,IDCB_G27_T30,0.18983101697141552,0.10440067371166822,1.0,0.0854303432597473,3
data/Good_png/IDCB_26.png,1,circle_grid,IDCB_G27_T30,0.3164682494842072,0.10440067371166822,1.0,0.21206757577253899,3
data/Good_png/IDCB_29.png,1,circle_grid,IDCB_G27_T30,0.2928017224467859,0.10440067371166822,1.0,0.18840104873511765,3
data/Good_png/IDCB_30.png,1,circle_grid,IDCB_G27_T30,0.18406355179435016,0.10440067371166822,1.0,0.07966287808268194,3
data/Good_png/IDCB_31.png,1,circle_grid,IDCB_G27_T30,0.13922747111131267,0.10440067371166822,1.0,0.03482679739964445,3
data/Good_png/IDCB_32.png,1,circle_grid,IDCB_G27_T30,0.15747658583215926,0.10440067371166822,1.0,0.05307591212049104,3
data/Good_png/IDCB_33.png,1,circle_grid,IDCB_G27_T30,0.1650830773400923,0.10440067371166822,1.0,0.060682403628424086,3
data/Good_png/IDCB_34.png,1,circle_grid,IDCB_G27_T30,0.23720542353820911,0.10440067371166822,1.0,0.1328047498265409,3
data/Good_png/IDCB_35.png,1,circle_grid,IDCB_G27_T30,0.09841194371289187,0.10440067371166822,0.0,-0.0059887299987763515,3
data/Good_png/IDCB_36.png,1,circle_grid,IDCB_G27_T30,0.15636769255951996,0.10440067371166822,1.0,0.05196701884785174,3
data/Bad_png/IDCBR_19.png,0,circle_grid,IDCBR_G27_T30,0.11067053557736943,0.10440067371166822,1.0,0.006269861865701207,3
data/Bad_png/IDCBR_25.png,0,circle_grid,IDCBR_G27_T30,0.05480237271979128,0.10440067371166822,0.0,-0.04959830099187695,3
data/Bad_png/IDCBR_26.png,0,circle_grid,IDCBR_G27_T30,0.12421876608040236,0.10440067371166822,1.0,0.019818092368734136,3
data/Bad_png/IDCBR_28.png,0,circle_grid,IDCBR_G27_T30,0.005483221372231698,0.10440067371166822,0.0,-0.09891745233943652,3
data/Bad_png/IDCBR_33.png,0,circle_grid,IDCBR_G27_T30,0.16125280105844808,0.10440067371166822,1.0,0.05685212734677986,3
data/Bad_png/IDCBR_34.png,0,circle_grid,IDCBR_G27_T30,0.09926996503068626,0.10440067371166822,0.0,-0.005130708680981963,3
data/Bad_png/IDCBR_36.png,0,circle_grid,IDCBR_G27_T30,0.13751078858670318,0.10440067371166822,1.0,0.03311011487503496,3
data/Bad_png/IDCBR_37.png,0,circle_grid,IDCBR_G25_T30,0.14142012648219943,0.10440067371166822,1.0,0.0370194527705312,3
data/Bad_png/IDCBR_40.png,0,circle_grid,IDCBR_G25_T30,0.11180040929050135,0.10440067371166822,1.0,0.007399735578833125,3
data/Bad_png/IDCBR_43.png,0,circle_grid,IDCBR_G25_T30,0.003580278477752155,0.10440067371166822,0.0,-0.10082039523391607,3
data/Bad_png/IDCBR_44.png,0,circle_grid,IDCBR_G25_T30,0.24520712224683439,0.10440067371166822,1.0,0.14080644853516616,3
data/Bad_png/IDCBR_45.png,0,circle_grid,IDCBR_G25_T30,0.2446153067902376,0.10440067371166822,1.0,0.14021463307856938,3
data/Bad_png/IDCBR_48.png,0,circle_grid,IDCBR_G25_T30,0.17203238656379896,0.10440067371166822,1.0,0.06763171285213074,3
data/Bad_png/IDCBR_49.png,0,circle_grid,IDCBR_G25_T30,0.14517534082148,0.10440067371166822,1.0,0.040774667109811785,3
data/Bad_png/IDCBR_50.png,0,circle_grid,IDCBR_G25_T30,0.114355409802014,0.10440067371166822,1.0,0.009954736090345778,3
data/Bad_png/IDCBR_52.png,0,circle_grid,IDCBR_G25_T30,0.09876959949528091,0.10440067371166822,0.0,-0.005631074216387311,3
data/Bad_png/IDCB_19.png,0,circle_grid,IDCB_G27_T30,0.20039373562416443,0.10440067371166822,1.0,0.09599306191249621,3
data/Bad_png/IDCB_24.png,0,circle_grid,IDCB_G27_T30,0.20476784797123357,0.10440067371166822,1.0,0.10036717425956534,3
data/Bad_png/IDCB_25.png,0,circle_grid,IDCB_G27_T30,0.16131110457198666,0.10440067371166822,1.0,0.05691043086031844,3
data/Bad_png/IDCB_27.png,0,circle_grid,IDCB_G27_T30,0.13107049024127168,0.10440067371166822,1.0,0.026669816529603457,3
data/Bad_png/IDCB_28.png,0,circle_grid,IDCB_G27_T30,0.0028554852794306887,0.10440067371166822,0.0,-0.10154518843223753,3
data/Good_png/IDSR_19.png,1,line,IDSR_G27_T30,0.03704729154082993,0.013488452471728914,1.0,0.023558839069101018,3
data/Good_png/IDSR_23.png,1,line,IDSR_G27_T30,0.021318568923961355,0.013488452471728914,1.0,0.00783011645223244,3
data/Good_png/IDSR_24.png,1,line,IDSR_G27_T30,0.0009689234848243913,0.013488452471728914,0.0,-0.012519528986904524,3
data/Good_png/IDSR_25.png,1,line,IDSR_G27_T30,0.011797283931760731,0.013488452471728914,0.0,-0.0016911685399681829,3
data/Good_png/IDSR_26.png,1,line,IDSR_G27_T30,0.011483535190101769,0.013488452471728914,0.0,-0.0020049172816271454,3
data/Good_png/IDSR_27.png,1,line,IDSR_G27_T30,0.017128588280293525,0.013488452471728914,1.0,0.0036401358085646103,3
data/Good_png/IDSR_28.png,1,line,IDSR_G27_T30,4.5889697886622285e-05,0.013488452471728914,0.0,-0.013442562773842292,3
data/Good_png/IDSR_29.png,1,line,IDSR_G27_T30,0.01486417808812574,0.013488452471728914,1.0,0.0013757256163968255,3
data/Good_png/IDSR_32.png,1,line,IDSR_G27_T30,0.01126064603766543,0.013488452471728914,0.0,-0.0022278064340634837,3
data/Good_png/IDSR_33.png,1,line,IDSR_G27_T30,0.027639501801083623,0.013488452471728914,1.0,0.014151049329354709,3
data/Good_png/IDSR_34.png,1,line,IDSR_G27_T30,0.007243650357813918,0.013488452471728914,0.0,-0.006244802113914996,3
data/Good_png/IDSR_35.png,1,line,IDSR_G27_T30,0.021009512679079245,0.013488452471728914,1.0,0.007521060207350331,3
data/Good_png/IDST_74.png,1,line,IDST_G25_T25,0.02470045378189804,0.013488452471728914,1.0,0.011212001310169126,3
data/Good_png/IDST_75.png,1,line,IDST_G25_T25,0.0011863229376022602,0.013488452471728914,0.0,-0.012302129534126655,3
data/Good_png/IDST_77.png,1,line,IDST_G25_T25,0.001261629803785718,0.013488452471728914,0.0,-0.012226822667943196,3
data/Good_png/IDST_78.png,1,line,IDST_G25_T25,0.0013936099633312538,0.013488452471728914,0.0,-0.01209484250839766,3
data/Good_png/IDST_79.png,1,line,IDST_G25_T25,0.01787133182484979,0.013488452471728914,1.0,0.0043828793531208755,3
data/Good_png/IDST_80.png,1,line,IDST_G25_T25,0.001323904873482605,0.013488452471728914,0.0,-0.01216454759824631,3
data/Good_png/IDST_83.png,1,line,IDST_G25_T25,0.0755051373682775,0.013488452471728914,1.0,0.06201668489654859,3
data/Good_png/IDST_84.png,1,line,IDST_G25_T25,5.4174468410959996e-05,0.013488452471728914,0.0,-0.013434278003317954,3
data/Good_png/IDST_86.png,1,line,IDST_G25_T25,0.0012894666990541086,0.013488452471728914,0.0,-0.012198985772674805,3
data/Good_png/IDST_89.png,1,line,IDST_G25_T25,0.00879631004492982,0.013488452471728914,0.0,-0.004692142426799094,3
data/Bad_png/IDSR_20.png,0,line,IDSR_G27_T30,0.059729625435601286,0.013488452471728914,1.0,0.04624117296387237,3
data/Bad_png/IDSR_21.png,0,line,IDSR_G27_T30,0.022348252083165158,0.013488452471728914,1.0,0.008859799611436243,3
data/Bad_png/IDSR_22.png,0,line,IDSR_G27_T30,0.01729983429314915,0.013488452471728914,1.0,0.0038113818214202365,3
data/Bad_png/IDSR_30.png,0,line,IDSR_G27_T30,0.10455771648163102,0.013488452471728914,1.0,0.0910692640099021,3
data/Bad_png/IDSR_31.png,0,line,IDSR_G27_T30,0.0007609696165414101,0.013488452471728914,0.0,-0.012727482855187504,3
data/Bad_png/IDSR_36.png,0,line,IDSR_G27_T30,0.031445503002683194,0.013488452471728914,1.0,0.01795705053095428,3
data/Bad_png/IDST_73.png,0,line,IDST_G25_T25,0.007103996801576964,0.013488452471728914,0.0,-0.00638445567015195,3
data/Bad_png/IDST_76.png,0,line,IDST_G25_T25,0.0012079279764215516,0.013488452471728914,0.0,-0.012280524495307362,3
data/Bad_png/IDST_81.png,0,line,IDST_G25_T25,0.0036896948421817825,0.013488452471728914,0.0,-0.009798757629547131,3
data/Bad_png/IDST_82.png,0,line,IDST_G25_T25,0.0009083699285445138,0.013488452471728914,0.0,-0.012580082543184401,3
data/Bad_png/IDST_85.png,0,line,IDST_G25_T25,0.01024824432027157,0.013488452471728914,0.0,-0.0032402081514573446,3
data/Bad_png/IDST_87.png,0,line,IDST_G25_T25,0.012049376384803474,0.013488452471728914,0.0,-0.00143907608692544,3
data/Bad_png/IDST_88.png,0,line,IDST_G25_T25,0.017496526415701673,0.013488452471728914,1.0,0.0040080739439727585,3
data/Bad_png/IDST_90.png,0,line,IDST_G25_T25,0.020009797298444987,0.013488452471728914,1.0,0.0065213448267160724,3
data/Good_png/ID_55.png,1,square_grid,ID_G30_T25,0.20504216977262682,0.13935206665526775,1.0,0.06569010311735907,3
data/Good_png/ID_59.png,1,square_grid,ID_G30_T25,4.336611484506868e-05,0.13935206665526775,0.0,-0.1393087005404227,3
data/Good_png/ID_62.png,1,square_grid,ID_G30_T25,0.2047317002690206,0.13935206665526775,1.0,0.06537963361375285,3
data/Good_png/ID_65.png,1,square_grid,ID_G30_T25,4.9958768876982344e-05,0.13935206665526775,0.0,-0.13930210788639077,3
data/Good_png/ID_67.png,1,square_grid,ID_G30_T25,0.17854892125194027,0.13935206665526775,1.0,0.03919685459667252,3
data/Good_png/ID_68.png,1,square_grid,ID_G30_T25,0.2738228229101132,0.13935206665526775,1.0,0.13447075625484542,3
data/Good_png/ID_70.png,1,square_grid,ID_G30_T25,0.11399123655034436,0.13935206665526775,0.0,-0.02536083010492339,3
data/Good_png/ID_71.png,1,square_grid,ID_G30_T25,0.10227822773744472,0.13935206665526775,0.0,-0.03707383891782304,3
data/Good_png/ID_74.png,1,square_grid,ID_G25_T25,0.10960225282094699,0.13935206665526775,0.0,-0.029749813834320765,3
data/Good_png/ID_77.png,1,square_grid,ID_G25_T25,0.12642030480385133,0.13935206665526775,0.0,-0.012931761851416423,3
data/Good_png/ID_80.png,1,square_grid,ID_G25_T25,0.27281740109013725,0.13935206665526775,1.0,0.1334653344348695,3
data/Bad_png/IDSQR_ (1).png,0,square_grid,IDSQR_G27_T35,0.0562581690347303,0.13935206665526775,0.0,-0.08309389762053745,3
data/Bad_png/IDSQR_ (10).png,0,square_grid,IDSQR_G27_T35,0.06787231317142414,0.13935206665526775,0.0,-0.07147975348384361,3
data/Bad_png/IDSQR_ (11).png,0,square_grid,IDSQR_G27_T35,0.18186674194970873,0.13935206665526775,1.0,0.04251467529444097,3
data/Bad_png/IDSQR_ (12).png,0,square_grid,IDSQR_G27_T35,0.0010001738260055203,0.13935206665526775,0.0,-0.13835189282926225,3
data/Bad_png/IDSQR_ (13).png,0,square_grid,IDSQR_G27_T35,0.018336237138797885,0.13935206665526775,0.0,-0.12101582951646987,3
data/Bad_png/IDSQR_ (14).png,0,square_grid,IDSQR_G27_T35,0.007354956645287106,0.13935206665526775,0.0,-0.13199711000998066,3
data/Bad_png/IDSQR_ (15).png,0,square_grid,IDSQR_G27_T35,0.017780215788668553,0.13935206665526775,0.0,-0.1215718508665992,3
data/Bad_png/IDSQR_ (16).png,0,square_grid,IDSQR_G27_T35,0.07738715701596587,0.13935206665526775,0.0,-0.06196490963930189,3
data/Bad_png/IDSQR_ (17).png,0,square_grid,IDSQR_G27_T35,0.1465136965579843,0.13935206665526775,1.0,0.007161629902716543,3
data/Bad_png/IDSQR_ (18).png,0,square_grid,IDSQR_G27_T35,0.10332556477100367,0.13935206665526775,0.0,-0.03602650188426408,3
data/Bad_png/IDSQR_ (2).png,0,square_grid,IDSQR_G27_T35,0.0011751449152222705,0.13935206665526775,0.0,-0.13817692174004548,3
data/Bad_png/IDSQR_ (3).png,0,square_grid,IDSQR_G27_T35,0.015556874256482615,0.13935206665526775,0.0,-0.12379519239878514,3
data/Bad_png/IDSQR_ (4).png,0,square_grid,IDSQR_G27_T35,0.13144905918825972,0.13935206665526775,0.0,-0.007903007467008033,3
data/Bad_png/IDSQR_ (5).png,0,square_grid,IDSQR_G27_T35,0.12212387487639867,0.13935206665526775,0.0,-0.017228191778869084,3
data/Bad_png/IDSQR_ (6).png,0,square_grid,IDSQR_G27_T35,0.0007199422268535457,0.13935206665526775,0.0,-0.13863212442841422,3
data/Bad_png/IDSQR_ (7).png,0,square_grid,IDSQR_G27_T35,0.09882317341626579,0.13935206665526775,0.0,-0.04052889323900197,3
data/Bad_png/IDSQR_ (8).png,0,square_grid,IDSQR_G27_T35,0.0951063159093863,0.13935206665526775,0.0,-0.044245750745881454,3
data/Bad_png/IDSQR_ (9).png,0,square_grid,IDSQR_G27_T35,0.05082416785752661,0.13935206665526775,0.0,-0.08852789879774114,3
data/Bad_png/ID_56.png,0,square_grid,ID_G30_T25,0.0010276221778831472,0.13935206665526775,0.0,-0.1383244444773846,3
data/Bad_png/ID_57.png,0,square_grid,ID_G30_T25,0.01789500602890304,0.13935206665526775,0.0,-0.12145706062636472,3
data/Bad_png/ID_58.png,0,square_grid,ID_G30_T25,0.11601897712050571,0.13935206665526775,0.0,-0.02333308953476204,3
data/Bad_png/ID_60.png,0,square_grid,ID_G30_T25,4.857269050781141e-05,0.13935206665526775,0.0,-0.13930349396475994,3
data/Bad_png/ID_61.png,0,square_grid,ID_G30_T25,0.10824962097216459,0.13935206665526775,0.0,-0.031102445683103164,3
data/Bad_png/ID_63.png,0,square_grid,ID_G30_T25,0.0015135869774516395,0.13935206665526775,0.0,-0.13783847967781612,3
data/Bad_png/ID_64.png,0,square_grid,ID_G30_T25,0.1483401946870732,0.13935206665526775,1.0,0.008988128031805459,3
data/Bad_png/ID_66.png,0,square_grid,ID_G30_T25,0.207334074352555,0.13935206665526775,1.0,0.06798200769728724,3
data/Bad_png/ID_69.png,0,square_grid,ID_G30_T25,0.030425840523928046,0.13935206665526775,0.0,-0.1089262261313397,3
data/Bad_png/ID_72.png,0,square_grid,ID_G30_T25,0.0011708422733931825,0.13935206665526775,0.0,-0.13818122438187458,3
data/Bad_png/ID_73.png,0,square_grid,ID_G25_T25,0.17588802535527603,0.13935206665526775,1.0,0.03653595870000828,3
data/Bad_png/ID_75.png,0,square_grid,ID_G25_T25,0.10919005769312802,0.13935206665526775,0.0,-0.030162008962139733,3
data/Bad_png/ID_76.png,0,square_grid,ID_G25_T25,0.020732817693210948,0.13935206665526775,0.0,-0.1186192489620568,3
data/Bad_png/ID_78.png,0,square_grid,ID_G25_T25,0.12927605299703898,0.13935206665526775,0.0,-0.010076013658228772,3
data/Bad_png/ID_79.png,0,square_grid,ID_G25_T25,0.016783549755582477,0.13935206665526775,0.0,-0.12256851689968527,3
data/Bad_png/ID_81.png,0,square_grid,ID_G25_T25,0.1311889543604566,0.13935206665526775,0.0,-0.008163112294811148,3
data/Bad_png/ID_82.png,0,square_grid,ID_G25_T25,0.1817108295526635,0.13935206665526775,1.0,0.042358762897395735,3
data/Bad_png/ID_83.png,0,square_grid,ID_G25_T25,0.15298416359194447,0.13935206665526775,1.0,0.013632096936676719,3
data/Bad_png/ID_84.png,0,square_grid,ID_G25_T25,0.10992558029102102,0.13935206665526775,0.0,-0.02942648636424673,3
data/Bad_png/ID_85.png,0,square_grid,ID_G25_T25,0.1608738518502907,0.13935206665526775,1.0,0.021521785195022958,3
data/Bad_png/ID_86.png,0,square_grid,ID_G25_T25,5.053112363800313e-05,0.13935206665526775,0.0,-0.13930153553162974,3
data/Bad_png/ID_87.png,0,square_grid,ID_G25_T25,0.08267706460870171,0.13935206665526775,0.0,-0.056675002046566045,3
data/Bad_png/ID_88.png,0,square_grid,ID_G25_T25,0.1763167576169782,0.13935206665526775,1.0,0.036964690961710456,3
data/Bad_png/ID_89.png,0,square_grid,ID_G25_T25,0.10741841586060258,0.13935206665526775,0.0,-0.031933650794665175,3
data/Bad_png/ID_90.png,0,square_grid,ID_G25_T25,0.027171345419761704,0.13935206665526775,0.0,-0.11218072123550604,3
data/Good_png/IDCT_01.png,1,circle,IDCT_G27_T25,0.2957342325633297,0.24384596794087643,1.0,0.05188826462245327,4
data/Good_png/IDCT_02.png,1,circle,IDCT_G27_T25,0.48488283919460207,0.24384596794087643,1.0,0.24103687125372564,4
data/Good_png/IDCT_04.png,1,circle,IDCT_G27_T25,0.25838045136905285,0.24384596794087643,1.0,0.014534483428176426,4
data/Good_png/IDCT_05.png,1,circle,IDCT_G27_T25,0.2518702400310681,0.24384596794087643,1.0,0.008024272090191686,4
data/Good_png/IDCT_06.png,1,circle,IDCT_G27_T25,0.3315004846735774,0.24384596794087643,1.0,0.08765451673270097,4
data/Good_png/IDCT_07.png,1,circle,IDCT_G27_T25,0.2584949089592276,0.24384596794087643,1.0,0.01464894101835118,4
data/Good_png/IDCT_08.png,1,circle,IDCT_G27_T25,0.2915601682372936,0.24384596794087643,1.0,0.04771420029641715,4
data/Good_png/IDCT_09.png,1,circle,IDCT_G27_T25,0.2606776457688094,0.24384596794087643,1.0,0.01683167782793299,4
data/Good_png/IDCT_10.png,1,circle,IDCT_G27_T25,0.20535795890525288,0.24384596794087643,0.0,-0.03848800903562355,4
data/Good_png/IDCT_101.png,1,circle,IDCT_G25_T30,0.2379966543626925,0.24384596794087643,0.0,-0.00584931357818394,4
data/Good_png/IDCT_102.png,1,circle,IDCT_G25_T30,0.45342473709847386,0.24384596794087643,1.0,0.20957876915759743,4
data/Good_png/IDCT_104.png,1,circle,IDCT_G25_T30,0.2819390028083309,0.24384596794087643,1.0,0.03809303486745447,4
data/Good_png/IDCT_105.png,1,circle,IDCT_G25_T30,0.2894681618177696,0.24384596794087643,1.0,0.04562219387689315,4
data/Good_png/IDCT_107.png,1,circle,IDCT_G25_T30,0.2548075552884468,0.24384596794087643,1.0,0.010961587347570356,4
data/Good_png/IDCT_108.png,1,circle,IDCT_G25_T30,0.2694552836295728,0.24384596794087643,1.0,0.025609315688696344,4
data/Good_png/IDCT_12.png,1,circle,IDCT_G27_T25,0.26648030183242744,0.24384596794087643,1.0,0.022634333891551006,4
data/Good_png/IDCT_14.png,1,circle,IDCT_G27_T25,0.15573459172328688,0.24384596794087643,0.0,-0.08811137621758955,4
data/Good_png/IDCT_15.png,1,circle,IDCT_G27_T25,0.2978908429451192,0.24384596794087643,1.0,0.054044875004242765,4
data/Good_png/IDCT_17.png,1,circle,IDCT_G27_T25,0.2386651596750819,0.24384596794087643,0.0,-0.005180808265794534,4
data/Good_png/IDCT_91.png,1,circle,IDCT_G25_T30,0.28346754766837645,0.24384596794087643,1.0,0.03962157972750002,4
data/Good_png/IDCT_95.png,1,circle,IDCT_G25_T30,0.3017152119078007,0.24384596794087643,1.0,0.05786924396692428,4
data/Good_png/IDCT_99.png,1,circle,IDCT_G25_T30,0.2885328642817862,0.24384596794087643,1.0,0.044686896340909776,4
data/Bad_png/IDCT_03.png,0,circle,IDCT_G27_T25,0.34918809248919336,0.24384596794087643,1.0,0.10534212454831693,4
data/Bad_png/IDCT_100.png,0,circle,IDCT_G25_T30,0.23425152699418236,0.24384596794087643,0.0,-0.009594440946694066,4
data/Bad_png/IDCT_103.png,0,circle,IDCT_G25_T30,0.2205292450418234,0.24384596794087643,0.0,-0.02331672289905304,4
data/Bad_png/IDCT_106.png,0,circle,IDCT_G25_T30,0.19857617729327956,0.24384596794087643,0.0,-0.04526979064759687,4
data/Bad_png/IDCT_11.png,0,circle,IDCT_G27_T25,0.1896486042653323,0.24384596794087643,0.0,-0.05419736367554412,4
data/Bad_png/IDCT_13.png,0,circle,IDCT_G27_T25,0.1419617480133782,0.24384596794087643,0.0,-0.10188421992749824,4
data/Bad_png/IDCT_16.png,0,circle,IDCT_G27_T25,0.23370849861265855,0.24384596794087643,0.0,-0.01013746932821788,4
data/Bad_png/IDCT_18.png,0,circle,IDCT_G27_T25,0.13743683338735344,0.24384596794087643,0.0,-0.106409134553523,4
data/Bad_png/IDCT_92.png,0,circle,IDCT_G25_T30,0.24357381489805155,0.24384596794087643,0.0,-0.00027215304282487973,4
data/Bad_png/IDCT_93.png,0,circle,IDCT_G25_T30,0.1612445044843172,0.24384596794087643,0.0,-0.08260146345655922,4
data/Bad_png/IDCT_94.png,0,circle,IDCT_G25_T30,0.19781916058716145,0.24384596794087643,0.0,-0.04602680735371498,4
data/Bad_png/IDCT_96.png,0,circle,IDCT_G25_T30,0.23109948384246803,0.24384596794087643,0.0,-0.012746484098408395,4
data/Bad_png/IDCT_97.png,0,circle,IDCT_G25_T30,0.1622388349820034,0.24384596794087643,0.0,-0.08160713295887304,4
data/Bad_png/IDCT_98.png,0,circle,IDCT_G25_T30,0.25043221081697187,0.24384596794087643,1.0,0.006586242876095438,4
data/Good_png/IDCBR_100.png,1,circle_grid,IDCBR_G30_T30,0.04385601423845493,0.15636769255951996,0.0,-0.11251167832106504,4
data/Good_png/IDCBR_101.png,1,circle_grid,IDCBR_G30_T30,0.09521389018099335,0.15636769255951996,0.0,-0.061153802378526606,4
data/Good_png/IDCBR_102.png,1,circle_grid,IDCBR_G30_T30,0.037428481158085905,0.15636769255951996,0.0,-0.11893921140143406,4
data/Good_png/IDCBR_103.png,1,circle_grid,IDCBR_G30_T30,0.04945040852621134,0.15636769255951996,0.0,-0.10691728403330862,4
data/Good_png/IDCBR_104.png,1,circle_grid,IDCBR_G30_T30,0.00442291733811013,0.15636769255951996,0.0,-0.15194477522140984,4
data/Good_png/IDCBR_105.png,1,circle_grid,IDCBR_G30_T30,0.13669742776236452,0.15636769255951996,0.0,-0.019670264797155446,4
data/Good_png/IDCBR_106.png,1,circle_grid,IDCBR_G30_T30,0.06552063150117184,0.15636769255951996,0.0,-0.09084706105834812,4
data/Good_png/IDCBR_107.png,1,circle_grid,IDCBR_G30_T30,0.0014031710072204423,0.15636769255951996,0.0,-0.1549645215522995,4
data/Good_png/IDCBR_108.png,1,circle_grid,IDCBR_G30_T30,0.0684835194002553,0.15636769255951996,0.0,-0.08788417315926467,4
data/Good_png/IDCBR_74.png,1,circle_grid,IDCBR_G30_T35,0.057183900865588784,0.15636769255951996,0.0,-0.09918379169393118,4
data/Good_png/IDCBR_76.png,1,circle_grid,IDCBR_G30_T35,0.17164399269298403,0.15636769255951996,1.0,0.015276300133464066,4
data/Good_png/IDCBR_77.png,1,circle_grid,IDCBR_G30_T35,0.004378372744871699,0.15636769255951996,0.0,-0.15198931981464825,4
data/Good_png/IDCBR_80.png,1,circle_grid,IDCBR_G30_T35,0.11384707645107475,0.15636769255951996,0.0,-0.04252061610844521,4
data/Good_png/IDCBR_83.png,1,circle_grid,IDCBR_G30_T35,0.10702529599229166,0.15636769255951996,0.0,-0.0493423965672283,4
data/Good_png/IDCBR_84.png,1,circle_grid,IDCBR_G30_T35,0.11335432671833744,0.15636769255951996,0.0,-0.043013365841182524,4
data/Good_png/IDCBR_86.png,1,circle_grid,IDCBR_G30_T35,0.05881784708380037,0.15636769255951996,0.0,-0.0975498454757196,4
data/Good_png/IDCBR_91.png,1,circle_grid,IDCBR_G30_T30,0.10440067371166822,0.15636769255951996,0.0,-0.05196701884785174,4
data/Good_png/IDCBR_92.png,1,circle_grid,IDCBR_G30_T30,0.0890860427293151,0.15636769255951996,0.0,-0.06728164983020486,4
data/Good_png/IDCBR_95.png,1,circle_grid,IDCBR_G30_T30,0.09290086751623661,0.15636769255951996,0.0,-0.06346682504328335,4
data/Good_png/IDCBR_96.png,1,circle_grid,IDCBR_G30_T30,0.0628088816160204,0.15636769255951996,0.0,-0.09355881094349956,4
data/Good_png/IDCBR_97.png,1,circle_grid,IDCBR_G30_T30,0.08092290205067161,0.15636769255951996,0.0,-0.07544479050884835,4
data/Good_png/IDCBR_98.png,1,circle_grid,IDCBR_G30_T30,0.04628379585446657,0.15636769255951996,0.0,-0.11008389670505339,4
data/Good_png/IDCBR_99.png,1,circle_grid,IDCBR_G30_T30,0.08765659614057016,0.15636769255951996,0.0,-0.0687110964189498,4
data/Good_png/IDCB_38.png,1,circle_grid,IDCB_G30_T30,0.11939726173596037,0.15636769255951996,0.0,-0.036970430823559594,4
data/Good_png/IDCB_40.png,1,circle_grid,IDCB_G30_T30,0.18696171873326783,0.15636769255951996,1.0,0.030594026173747874,4
data/Good_png/IDCB_41.png,1,circle_grid,IDCB_G30_T30,0.1345917548598586,0.15636769255951996,0.0,-0.021775937699661352,4
data/Good_png/IDCB_43.png,1,circle_grid,IDCB_G30_T30,0.17778650111138766,0.15636769255951996,1.0,0.021418808551867702,4
data/Good_png/IDCB_44.png,1,circle_grid,IDCB_G30_T30,0.3943251329081582,0.15636769255951996,1.0,0.23795744034863822,4
data/Good_png/IDCB_45.png,1,circle_grid,IDCB_G30_T30,0.16793975574898537,0.15636769255951996,1.0,0.011572063189465409,4
data/Good_png/IDCB_48.png,1,circle_grid,IDCB_G30_T30,0.39598621619771174,0.15636769255951996,1.0,0.23961852363819178,4
data/Good_png/IDCB_50.png,1,circle_grid,IDCB_G30_T30,0.10882127617735023,0.15636769255951996,0.0,-0.047546416382169734,4
data/Good_png/IDCB_52.png,1,circle_grid,IDCB_G30_T30,0.11963898556039759,0.15636769255951996,0.0,-0.03672870699912237,4
data/Bad_png/IDCBR_73.png,0,circle_grid,IDCBR_G30_T35,0.02093852205783132,0.15636769255951996,0.0,-0.13542917050168865,4
data/Bad_png/IDCBR_75.png,0,circle_grid,IDCBR_G30_T35,0.12714527638044174,0.15636769255951996,0.0,-0.029222416179078226,4
data/Bad_png/IDCBR_78.png,0,circle_grid,IDCBR_G30_T35,0.20112627853408627,0.15636769255951996,1.0,0.044758585974566306,4
data/Bad_png/IDCBR_79.png,0,circle_grid,IDCBR_G30_T35,0.0337957439975755,0.15636769255951996,0.0,-0.12257194856194446,4
data/Bad_png/IDCBR_81.png,0,circle_grid,IDCBR_G30_T35,0.057454353858669184,0.15636769255951996,0.0,-0.09891333870085078,4
data/Bad_png/IDCBR_82.png,0,circle_grid,IDCBR_G30_T35,0.09283191795698657,0.15636769255951996,0.0,-0.06353577460253339,4
data/Bad_png/IDCBR_85.png,0,circle_grid,IDCBR_G30_T35,0.001190459743264248,0.15636769255951996,0.0,-0.1551772328162557,4
data/Bad_png/IDCBR_87.png,0,circle_grid,IDCBR_G30_T35,0.09704288969090528,0.15636769255951996,0.0,-0.059324802868614676,4
data/Bad_png/IDCBR_88.png,0,circle_grid,IDCBR_G30_T35,0.06634470301960409,0.15636769255951996,0.0,-0.09002298953991587,4
data/Bad_png/IDCBR_89.png,0,circle_grid,IDCBR_G30_T35,0.07019918988072449,0.15636769255951996,0.0,-0.08616850267879547,4
data/Bad_png/IDCBR_90.png,0,circle_grid,IDCBR_G30_T35,0.003310457450332717,0.15636769255951996,0.0,-0.15305723510918726,4
data/Bad_png/IDCBR_93.png,0,circle_grid,IDCBR_G30_T30,0.08737027947821281,0.15636769255951996,0.0,-0.06899741308130715,4
data/Bad_png/IDCBR_94.png,0,circle_grid,IDCBR_G30_T30,0.0015318010322718826,0.15636769255951996,0.0,-0.15483589152724808,4
data/Bad_png/IDCB_37.png,0,circle_grid,IDCB_G30_T30,0.03586464674772677,0.15636769255951996,0.0,-0.12050304581179319,4
data/Bad_png/IDCB_39.png,0,circle_grid,IDCB_G30_T30,0.04896226621740147,0.15636769255951996,0.0,-0.1074054263421185,4
data/Bad_png/IDCB_42.png,0,circle_grid,IDCB_G30_T30,0.16190225451178478,0.15636769255951996,1.0,0.005534561952264816,4
data/Bad_png/IDCB_46.png,0,circle_grid,IDCB_G30_T30,0.0730369218372814,0.15636769255951996,0.0,-0.08333077072223856,4
data/Bad_png/IDCB_47.png,0,circle_grid,IDCB_G30_T30,0.05247092275807672,0.15636769255951996,0.0,-0.10389676980144325,4
data/Bad_png/IDCB_49.png,0,circle_grid,IDCB_G30_T30,0.0047378758180389,0.15636769255951996,0.0,-0.15162981674148107,4
data/Bad_png/IDCB_51.png,0,circle_grid,IDCB_G30_T30,0.029216375176279404,0.15636769255951996,0.0,-0.12715131738324056,4
data/Bad_png/IDCB_53.png,0,circle_grid,IDCB_G30_T30,0.022496477170276936,0.15636769255951996,0.0,-0.13387121538924301,4
data/Bad_png/IDCB_54.png,0,circle_grid,IDCB_G30_T30,0.023538371725193522,0.15636769255951996,0.0,-0.13282932083432644,4
data/Good_png/IDSR_41.png,1,line,IDSR_G25_T30,0.08221206642816153,0.013749335849175856,1.0,0.06846273057898568,4
data/Good_png/IDSR_43.png,1,line,IDSR_G25_T30,0.015124422009598463,0.013749335849175856,1.0,0.0013750861604226068,4
data/Good_png/IDSR_47.png,1,line,IDSR_G25_T30,0.027574113834497423,0.013749335849175856,1.0,0.013824777985321567,4
data/Good_png/IDSR_51.png,1,line,IDSR_G25_T30,0.013488452471728914,0.013749335849175856,0.0,-0.0002608833774469417,4
data/Good_png/IDSR_52.png,1,line,IDSR_G25_T30,0.016906891398801457,0.013749335849175856,1.0,0.0031575555496256014,4
data/Good_png/IDSR_53.png,1,line,IDSR_G25_T30,0.01785135044458892,0.013749335849175856,1.0,0.004102014595413064,4
data/Good_png/IDST_104.png,1,line,IDST_G25_T30,0.01063750207499031,0.013749335849175856,0.0,-0.003111833774185547,4
data/Good_png/IDST_105.png,1,line,IDST_G25_T30,0.07116439771987794,0.013749335849175856,1.0,0.05741506187070208,4
data/Good_png/IDST_108.png,1,line,IDST_G25_T30,0.001327240248087154,0.013749335849175856,0.0,-0.012422095601088702,4
data/Good_png/IDST_40.png,1,line,IDST_G30_T30,0.0012672820058652011,0.013749335849175856,0.0,-0.012482053843310656,4
data/Good_png/IDST_41.png,1,line,IDST_G30_T30,0.0012441488227199755,0.013749335849175856,0.0,-0.01250518702645588,4
data/Good_png/IDST_44.png,1,line,IDST_G30_T30,0.001395674887470303,0.013749335849175856,0.0,-0.012353660961705553,4
data/Good_png/IDST_45.png,1,line,IDST_G30_T30,0.015175913120855243,0.013749335849175856,1.0,0.0014265772716793874,4
data/Good_png/IDST_46.png,1,line,IDST_G30_T30,0.0012121518080518109,0.013749335849175856,0.0,-0.012537184041124045,4
data/Good_png/IDST_49.png,1,line,IDST_G30_T30,0.0008921751356068807,0.013749335849175856,0.0,-0.012857160713568976,4
data/Good_png/IDST_50.png,1,line,IDST_G30_T30,0.017687781548015417,0.013749335849175856,1.0,0.003938445698839561,4
data/Good_png/IDST_51.png,1,line,IDST_G30_T30,0.001093119610066665,0.013749335849175856,0.0,-0.01265621623910919,4
data/Good_png/IDST_52.png,1,line,IDST_G30_T30,0.012929924846529809,0.013749335849175856,0.0,-0.0008194110026460474,4
data/Good_png/IDST_53.png,1,line,IDST_G30_T30,0.005969072155417308,0.013749335849175856,0.0,-0.007780263693758548,4
data/Good_png/IDST_54.png,1,line,IDST_G30_T30,0.01847178075780547,0.013749335849175856,1.0,0.004722444908629615,4
data/Good_png/IDST_92.png,1,line,IDST_G25_T30,0.047090354848231035,0.013749335849175856,1.0,0.03334101899905518,4
data/Good_png/IDST_95.png,1,line,IDST_G25_T30,0.016935217164199975,0.013749335849175856,1.0,0.0031858813150241194,4
data/Good_png/IDST_97.png,1,line,IDST_G25_T30,0.015816650602944963,0.013749335849175856,1.0,0.002067314753769107,4
data/Good_png/IDST_98.png,1,line,IDST_G25_T30,0.018007547530050762,0.013749335849175856,1.0,0.004258211680874906,4
data/Good_png/IDST_99.png,1,line,IDST_G25_T30,0.018904701770526305,0.013749335849175856,1.0,0.005155365921350449,4
data/Bad_png/IDSR_37.png,0,line,IDSR_G25_T30,0.017397892057364212,0.013749335849175856,1.0,0.003648556208188356,4
data/Bad_png/IDSR_38.png,0,line,IDSR_G25_T30,0.05373318083568967,0.013749335849175856,1.0,0.03998384498651381,4
data/Bad_png/IDSR_39.png,0,line,IDSR_G25_T30,0.02671049709264902,0.013749335849175856,1.0,0.012961161243473164,4
data/Bad_png/IDSR_40.png,0,line,IDSR_G25_T30,0.017240140362572584,0.013749335849175856,1.0,0.003490804513396728,4
data/Bad_png/IDSR_42.png,0,line,IDSR_G25_T30,0.1287186065951468,0.013749335849175856,1.0,0.11496927074597095,4
data/Bad_png/IDSR_44.png,0,line,IDSR_G25_T30,0.02414935892728596,0.013749335849175856,1.0,0.010400023078110103,4
data/Bad_png/IDSR_45.png,0,line,IDSR_G25_T30,0.08650565891849929,0.013749335849175856,1.0,0.07275632306932343,4
data/Bad_png/IDSR_46.png,0,line,IDSR_G25_T30,0.011658879568992352,0.013749335849175856,0.0,-0.002090456280183504,4
data/Bad_png/IDSR_48.png,0,line,IDSR_G25_T30,0.017672093617039312,0.013749335849175856,1.0,0.003922757767863456,4
data/Bad_png/IDSR_49.png,0,line,IDSR_G25_T30,0.020537964732153344,0.013749335849175856,1.0,0.006788628882977488,4
data/Bad_png/IDSR_50.png,0,line,IDSR_G25_T30,0.0010735240763648502,0.013749335849175856,0.0,-0.012675811772811007,4
data/Bad_png/IDSR_54.png,0,line,IDSR_G25_T30,0.02919010414302386,0.013749335849175856,1.0,0.015440768293848006,4
data/Bad_png/IDST_100.png,0,line,IDST_G25_T30,0.0013617650217651212,0.013749335849175856,0.0,-0.012387570827410734,4
data/Bad_png/IDST_101.png,0,line,IDST_G25_T30,0.039384256092983676,0.013749335849175856,1.0,0.02563492024380782,4
data/Bad_png/IDST_102.png,0,line,IDST_G25_T30,0.02386243594273283,0.013749335849175856,1.0,0.010113100093556975,4
data/Bad_png/IDST_103.png,0,line,IDST_G25_T30,0.013182376775710446,0.013749335849175856,0.0,-0.0005669590734654097,4
data/Bad_png/IDST_106.png,0,line,IDST_G25_T30,0.014906258953599759,0.013749335849175856,1.0,0.0011569231044239025,4
data/Bad_png/IDST_107.png,0,line,IDST_G25_T30,0.10014112333315144,0.013749335849175856,1.0,0.08639178748397558,4
data/Bad_png/IDST_37.png,0,line,IDST_G30_T30,0.00689716060247123,0.013749335849175856,0.0,-0.006852175246704626,4
data/Bad_png/IDST_38.png,0,line,IDST_G30_T30,0.07324392523945714,0.013749335849175856,1.0,0.05949458939028128,4
data/Bad_png/IDST_39.png,0,line,IDST_G30_T30,0.11972807518032767,0.013749335849175856,1.0,0.10597873933115182,4
data/Bad_png/IDST_42.png,0,line,IDST_G30_T30,0.05831085659446677,0.013749335849175856,1.0,0.04456152074529091,4
data/Bad_png/IDST_43.png,0,line,IDST_G30_T30,0.0011220372546763265,0.013749335849175856,0.0,-0.01262729859449953,4
data/Bad_png/IDST_47.png,0,line,IDST_G30_T30,0.012183156188024768,0.013749335849175856,0.0,-0.0015661796611510879,4
data/Bad_png/IDST_48.png,0,line,IDST_G30_T30,0.022662604590367813,0.013749335849175856,1.0,0.008913268741191957,4
data/Bad_png/IDST_91.png,0,line,IDST_G25_T30,0.0013372529455219703,0.013749335849175856,0.0,-0.012412082903653886,4
data/Bad_png/IDST_93.png,0,line,IDST_G25_T30,0.0014007458243880389,0.013749335849175856,0.0,-0.012348590024787817,4
data/Bad_png/IDST_96.png,0,line,IDST_G25_T30,0.08402552097558606,0.013749335849175856,1.0,0.0702761851264102,4
data/Good_png/IDSQR_ (73).png,1,square_grid,IDSQR_G30_T35,0.14879145411210207,0.16345102228873273,0.0,-0.014659568176630666,4
data/Good_png/IDSQR_ (76).png,1,square_grid,IDSQR_G30_T35,0.15920829888526494,0.16345102228873273,0.0,-0.004242723403467791,4
data/Good_png/ID_1.png,1,square_grid,ID_G27_T25,0.04680448786817184,0.16345102228873273,0.0,-0.11664653442056089,4
data/Good_png/ID_11.png,1,square_grid,ID_G27_T25,0.22319445810671204,0.16345102228873273,1.0,0.05974343581797931,4
data/Good_png/ID_13.png,1,square_grid,ID_G27_T25,4.4819766874287473e-05,0.16345102228873273,0.0,-0.16340620252185845,4
data/Good_png/ID_14.png,1,square_grid,ID_G27_T25,0.0008449633215517139,0.16345102228873273,0.0,-0.16260605896718103,4
data/Good_png/ID_16.png,1,square_grid,ID_G27_T25,0.12737724362123987,0.16345102228873273,0.0,-0.03607377866749287,4
data/Good_png/ID_17.png,1,square_grid,ID_G27_T25,4.5255253996494884e-05,0.16345102228873273,0.0,-0.16340576703473625,4
data/Good_png/ID_2.png,1,square_grid,ID_G27_T25,0.06654151050942814,0.16345102228873273,0.0,-0.0969095117793046,4
data/Good_png/ID_4.png,1,square_grid,ID_G27_T25,0.11088533346305914,0.16345102228873273,0.0,-0.0525656888256736,4
data/Good_png/ID_5.png,1,square_grid,ID_G27_T25,0.15200270964407195,0.16345102228873273,0.0,-0.011448312644660785,4
data/Good_png/ID_7.png,1,square_grid,ID_G27_T25,0.2425002061593388,0.16345102228873273,1.0,0.07904918387060605,4
data/Good_png/ID_8.png,1,square_grid,ID_G27_T25,0.28724015581016255,0.16345102228873273,1.0,0.12378913352142981,4
data/Bad_png/IDSQR_ (74).png,0,square_grid,IDSQR_G30_T35,0.14658110699630617,0.16345102228873273,0.0,-0.01686991529242657,4
data/Bad_png/IDSQR_ (75).png,0,square_grid,IDSQR_G30_T35,0.1321667805948651,0.16345102228873273,0.0,-0.03128424169386762,4
data/Bad_png/IDSQR_ (77).png,0,square_grid,IDSQR_G30_T35,0.01951327942371137,0.16345102228873273,0.0,-0.14393774286502137,4
data/Bad_png/IDSQR_ (78).png,0,square_grid,IDSQR_G30_T35,0.02211410522686194,0.16345102228873273,0.0,-0.1413369170618708,4
data/Bad_png/IDSQR_ (79).png,0,square_grid,IDSQR_G30_T35,0.18382908248078544,0.16345102228873273,1.0,0.02037806019205271,4
data/Bad_png/IDSQR_ (80).png,0,square_grid,IDSQR_G30_T35,0.02206111725540426,0.16345102228873273,0.0,-0.1413899050333285,4
data/Bad_png/IDSQR_ (81).png,0,square_grid,IDSQR_G30_T35,0.014747865439782178,0.16345102228873273,0.0,-0.14870315684895055,4
data/Bad_png/IDSQR_ (82).png,0,square_grid,IDSQR_G30_T35,0.1247261724132953,0.16345102228873273,0.0,-0.038724849875437437,4
data/Bad_png/IDSQR_ (83).png,0,square_grid,IDSQR_G30_T35,0.23299095634263498,0.16345102228873273,1.0,0.06953993405390224,4
data/Bad_png/IDSQR_ (84).png,0,square_grid,IDSQR_G30_T35,0.0009543427815055813,0.16345102228873273,0.0,-0.16249667950722715,4
data/Bad_png/IDSQR_ (85).png,0,square_grid,IDSQR_G30_T35,0.09852658823274348,0.16345102228873273,0.0,-0.06492443405598926,4
data/Bad_png/IDSQR_ (86).png,0,square_grid,IDSQR_G30_T35,0.13375738026017284,0.16345102228873273,0.0,-0.029693642028559897,4
data/Bad_png/IDSQR_ (87).png,0,square_grid,IDSQR_G30_T35,0.0009386884053305505,0.16345102228873273,0.0,-0.1625123338834022,4
data/Bad_png/IDSQR_ (88).png,0,square_grid,IDSQR_G30_T35,0.18634101463043612,0.16345102228873273,1.0,0.022889992341703386,4
data/Bad_png/IDSQR_ (89).png,0,square_grid,IDSQR_G30_T35,0.21462802171256185,0.16345102228873273,1.0,0.05117699942382911,4
data/Bad_png/IDSQR_ (90).png,0,square_grid,IDSQR_G30_T35,0.11593129709863592,0.16345102228873273,0.0,-0.04751972519009681,4
data/Bad_png/ID_10.png,0,square_grid,ID_G27_T25,0.0008209645901744336,0.16345102228873273,0.0,-0.1626300576985583,4
data/Bad_png/ID_12.png,0,square_grid,ID_G27_T25,4.650346700315557e-05,0.16345102228873273,0.0,-0.16340451882172957,4
data/Bad_png/ID_15.png,0,square_grid,ID_G27_T25,0.015196267142664982,0.16345102228873273,0.0,-0.14825475514606776,4
data/Bad_png/ID_18.png,0,square_grid,ID_G27_T25,0.15287424680737802,0.16345102228873273,0.0,-0.010576775481354717,4
data/Bad_png/ID_3.png,0,square_grid,ID_G27_T25,0.1270397254748736,0.16345102228873273,0.0,-0.03641129681385913,4
data/Bad_png/ID_6.png,0,square_grid,ID_G27_T25,0.12630528992731144,0.16345102228873273,0.0,-0.037145732361421296,4
data/Bad_png/ID_9.png,0,square_grid,ID_G27_T25,0.10761011752181561,0.16345102228873273,0.0,-0.055840904766917124,4
